employee_id,gender,department,job_level,education,age,experience_years,performance_rating,annual_salary,promoted_last_cycle,exited_last_12mo,hire_year
EMP00001,Female,Engineering,Senior,Masters,35,11.2,4.4,83243.0,False,False,2015
EMP00002,Male,HR,Director,Masters,25,4.0,4.1,136212.0,True,False,2022
EMP00003,Female,Finance,Associate,Bachelors,22,0.0,2.8,42706.0,False,False,2026
EMP00004,Female,HR,Senior,Masters,28,0.0,3.9,63409.0,False,False,2025
EMP00005,Male,Marketing,Senior,Masters,37,12.7,3.9,84121.0,False,False,2013
EMP00006,Female,Finance,Associate,Masters,26,5.4,3.6,60674.0,False,False,2021
EMP00007,Female,Marketing,Senior,Bachelors,29,4.0,4.1,76264.0,False,False,2021
EMP00008,Female,Finance,Senior,Bachelors,37,13.6,3.5,81870.0,False,False,2011
EMP00009,Male,Marketing,Associate,Bachelors,46,12.1,3.5,63066.0,False,False,2013
EMP00010,Male,Engineering,Associate,Bachelors,32,7.1,3.5,55923.0,False,False,2019
EMP00011,Male,HR,Manager,Bachelors,29,5.8,2.2,109983.0,False,False,2020
EMP00012,Female,Engineering,Associate,Bachelors,35,6.5,3.4,59023.0,False,False,2018
EMP00013,Female,Operations,Senior,Masters,26,7.9,3.0,65558.0,False,False,2018
EMP00014,Female,HR,Senior,Bachelors,38,13.4,2.7,76866.0,True,False,2012
EMP00015,Male,Marketing,Manager,Masters,39,8.7,4.3,126423.0,False,False,2017
EMP00016,Male,Marketing,Lead,Bachelors,34,9.9,3.7,101080.0,True,False,2016
EMP00017,Male,HR,Manager,Masters,31,11.7,3.4,127709.0,True,False,2013
EMP00018,Male,Sales,Lead,Bachelors,25,2.3,3.1,91346.0,False,False,2024
EMP00019,Female,Sales,Senior,Bachelors,38,10.0,3.6,72440.0,False,False,2015
EMP00020,Female,Marketing,Senior,Masters,31,5.8,4.0,73419.0,False,False,2020
EMP00021,Female,Sales,Associate,PhD,21,0.0,2.9,43395.0,False,False,2025
EMP00022,Male,Finance,Senior,Bachelors,22,0.0,3.4,64390.0,True,False,2026
EMP00023,Female,Engineering,Associate,Bachelors,25,2.9,3.9,47878.0,True,False,2023
EMP00024,Female,Finance,Senior,Masters,34,9.1,2.2,81325.0,True,False,2016
EMP00025,Female,Marketing,Senior,Masters,36,7.5,3.4,71654.0,True,False,2018
EMP00026,Male,HR,Associate,Bachelors,35,7.7,3.1,65164.0,False,False,2017
EMP00027,Male,Engineering,Associate,Bachelors,40,14.8,3.3,70354.0,False,True,2010
EMP00028,Male,Marketing,Lead,Bachelors,22,1.9,3.1,88047.0,False,False,2024
EMP00029,Male,Finance,Lead,PhD,27,6.9,3.5,99097.0,True,False,2018
EMP00030,Female,Sales,Lead,Bachelors,34,8.2,4.6,87410.0,False,False,2017
EMP00031,Female,Engineering,Senior,Bachelors,24,4.1,3.2,70753.0,True,False,2021
EMP00032,Female,HR,Manager,PhD,30,7.1,3.6,101774.0,False,False,2019
EMP00033,Male,Engineering,Manager,Bachelors,26,0.6,4.6,110459.0,False,False,2024
EMP00034,Male,Sales,Associate,Bachelors,33,12.6,3.1,58326.0,True,False,2013
EMP00035,Male,Marketing,Director,Bachelors,25,4.3,4.5,131043.0,False,False,2022
EMP00036,Male,HR,Associate,Bachelors,39,15.1,3.4,76267.0,False,False,2011
EMP00037,Male,HR,Lead,Bachelors,32,6.9,4.5,102339.0,True,False,2018
EMP00038,Male,Finance,Manager,Bachelors,38,11.1,3.9,117156.0,False,False,2015
EMP00039,Male,Operations,Senior,Masters,33,6.8,3.6,74321.0,False,False,2019
EMP00040,Female,Engineering,Senior,Masters,31,6.9,3.4,72336.0,True,True,2018
EMP00041,Male,Marketing,Senior,Bachelors,26,4.7,3.0,74795.0,True,False,2021
EMP00042,Female,Engineering,Associate,Bachelors,28,7.5,3.4,47361.0,False,False,2018
EMP00043,Female,Engineering,Associate,Bachelors,31,8.3,3.9,60713.0,False,False,2017
EMP00044,Male,Sales,Associate,PhD,29,3.9,3.4,57296.0,False,False,2021
EMP00045,Female,HR,Associate,Bachelors,32,6.5,3.2,52080.0,False,False,2020
EMP00046,Female,Operations,Senior,Masters,22,4.6,3.2,68306.0,False,False,2021
EMP00047,Male,Finance,Senior,Bachelors,38,16.2,4.0,95195.0,True,False,2010
EMP00048,Male,HR,Senior,Masters,34,6.6,4.1,78033.0,True,False,2018
EMP00049,Female,Finance,Lead,Bachelors,37,13.2,3.0,87026.0,False,False,2013
EMP00050,Male,Sales,Associate,Masters,26,6.2,3.0,58834.0,False,False,2020
EMP00051,Male,Operations,Associate,Bachelors,39,8.0,3.6,58988.0,False,True,2018
EMP00052,Male,Operations,Manager,Masters,26,1.7,4.3,107137.0,False,False,2024
EMP00053,Female,Engineering,Manager,Bachelors,30,5.2,4.1,104488.0,True,False,2020
EMP00054,Female,Marketing,Senior,Masters,33,7.8,2.6,80667.0,False,False,2018
EMP00055,Female,Finance,Associate,Masters,36,13.3,3.2,65926.0,False,False,2012
EMP00056,Female,Marketing,Lead,PhD,30,7.9,2.8,91083.0,True,False,2018
EMP00057,Male,Operations,Manager,Bachelors,43,12.5,3.2,116572.0,True,True,2014
EMP00058,Male,Operations,Senior,Bachelors,37,9.6,4.4,86582.0,False,False,2016
EMP00059,Male,Marketing,Associate,Bachelors,40,13.5,2.5,67510.0,False,False,2012
EMP00060,Male,Engineering,Associate,Bachelors,33,6.8,2.4,62317.0,False,True,2019
EMP00061,Female,Marketing,Senior,Bachelors,38,16.6,2.9,80588.0,True,True,2008
EMP00062,Male,Sales,Manager,PhD,33,5.1,3.6,111483.0,False,True,2020
EMP00063,Male,Marketing,Lead,PhD,25,3.9,3.8,97485.0,True,False,2021
EMP00064,Female,HR,Associate,Bachelors,27,2.2,3.7,49007.0,True,False,2024
EMP00065,Female,Marketing,Senior,Masters,35,16.3,4.1,86801.0,False,False,2010
EMP00066,Male,Sales,Manager,Masters,28,10.3,2.3,126557.0,False,False,2015
EMP00067,Male,Sales,Senior,PhD,31,5.7,4.1,74536.0,False,False,2019
EMP00068,Male,Finance,Manager,Bachelors,34,12.0,3.2,121341.0,False,False,2013
EMP00069,Male,Engineering,Senior,Bachelors,28,9.8,3.8,85487.0,True,False,2015
EMP00070,Male,Sales,Senior,Masters,41,14.9,2.6,89220.0,True,False,2010
EMP00071,Male,Operations,Lead,Bachelors,31,0.8,3.4,86641.0,False,False,2024
EMP00072,Male,Engineering,Senior,Bachelors,34,5.9,3.5,76611.0,True,False,2019
EMP00073,Female,Marketing,Director,PhD,28,5.1,4.1,122320.0,True,False,2020
EMP00074,Male,Sales,Senior,PhD,24,0.0,2.4,60736.0,False,False,2026
EMP00075,Male,Engineering,Senior,Masters,38,11.2,3.4,93601.0,True,False,2015
EMP00076,Male,Marketing,Senior,Masters,33,5.9,2.7,74070.0,False,False,2019
EMP00077,Male,HR,Senior,Bachelors,33,10.0,3.7,86488.0,False,False,2015
EMP00078,Female,Sales,Associate,Bachelors,41,16.4,3.9,68099.0,True,False,2009
EMP00079,Male,Engineering,Lead,Bachelors,31,5.6,4.2,95581.0,False,False,2019
EMP00080,Female,Engineering,Senior,Bachelors,31,5.3,3.1,69269.0,False,False,2020
EMP00081,Female,HR,Senior,Bachelors,31,7.5,4.0,64948.0,False,False,2018
EMP00082,Male,Operations,Lead,Masters,35,10.9,4.2,104308.0,True,False,2015
EMP00083,Female,Sales,Associate,Bachelors,33,4.7,2.4,50371.0,False,False,2021
EMP00084,Male,Sales,Lead,Masters,32,4.5,3.8,98836.0,True,False,2020
EMP00085,Male,Marketing,Senior,Bachelors,37,11.2,4.0,82013.0,False,False,2014
EMP00086,Male,Marketing,Senior,Bachelors,38,8.5,3.2,78041.0,True,False,2018
EMP00087,Female,Sales,Lead,Bachelors,23,0.0,2.7,71925.0,False,False,2026
EMP00088,Male,Engineering,Lead,Bachelors,31,2.1,4.0,96920.0,True,False,2024
EMP00089,Male,HR,Manager,Masters,39,13.0,2.7,118122.0,False,False,2012
EMP00090,Male,Marketing,Senior,Bachelors,42,8.6,3.3,83049.0,False,False,2017
EMP00091,Male,Marketing,Senior,Bachelors,24,4.0,3.4,78081.0,False,False,2021
EMP00092,Female,Sales,Lead,Masters,28,6.3,3.8,89681.0,False,False,2020
EMP00093,Male,Operations,Lead,Bachelors,32,7.1,3.0,90143.0,False,True,2019
EMP00094,Male,HR,Lead,Bachelors,35,9.9,3.0,94393.0,False,False,2015
EMP00095,Male,Marketing,Senior,Bachelors,31,1.6,3.5,74339.0,False,False,2023
EMP00096,Female,Sales,Lead,Bachelors,26,3.6,4.0,82724.0,False,False,2021
EMP00097,Male,Finance,Associate,Masters,35,8.1,4.8,68118.0,True,False,2018
EMP00098,Male,Operations,Senior,Bachelors,34,6.6,2.5,75857.0,False,False,2019
EMP00099,Male,Engineering,Associate,Bachelors,35,9.3,3.6,66259.0,True,False,2017
EMP00100,Female,Operations,Senior,Bachelors,23,2.1,2.7,68442.0,True,False,2023
EMP00101,Female,Finance,Lead,Bachelors,37,8.4,4.0,87753.0,True,False,2018
EMP00102,Female,Engineering,Senior,Bachelors,39,11.4,2.8,73134.0,False,False,2014
EMP00103,Male,Finance,Senior,Masters,35,8.9,3.0,83210.0,False,False,2017
EMP00104,Female,Engineering,Manager,Bachelors,32,7.6,3.0,107266.0,False,False,2017
EMP00105,Female,Engineering,Lead,Masters,31,6.6,3.4,77989.0,True,False,2019
EMP00106,Female,Engineering,Senior,Bachelors,27,3.7,3.6,71139.0,False,False,2021
EMP00107,Male,Marketing,Director,Bachelors,33,6.7,3.7,129005.0,False,False,2018
EMP00108,Male,HR,Senior,Bachelors,36,12.0,3.4,88069.0,False,False,2014
EMP00109,Male,Marketing,Manager,Masters,28,6.5,2.6,117121.0,True,False,2018
EMP00110,Female,Engineering,Associate,Masters,24,3.4,3.8,53077.0,False,False,2023
EMP00111,Male,Sales,Associate,Bachelors,27,5.0,3.4,61683.0,False,False,2020
EMP00112,Male,Operations,Senior,Bachelors,32,7.8,4.1,82615.0,False,False,2017
EMP00113,Male,Operations,Associate,Masters,29,5.5,3.0,63600.0,False,False,2020
EMP00114,Male,Finance,Senior,Bachelors,34,8.9,2.4,74302.0,True,False,2017
EMP00115,Male,Engineering,Associate,Bachelors,35,9.1,3.4,63817.0,False,False,2017
EMP00116,Female,Finance,Senior,Bachelors,33,10.6,4.2,84046.0,True,False,2014
EMP00117,Female,Finance,Associate,Masters,41,12.7,3.5,62914.0,False,False,2013
EMP00118,Female,HR,Associate,Masters,34,11.0,3.3,66886.0,False,False,2014
EMP00119,Male,Engineering,Director,Bachelors,26,3.3,2.9,123922.0,True,False,2022
EMP00120,Female,Operations,Senior,PhD,29,3.4,4.5,79592.0,False,False,2022
EMP00121,Female,Marketing,Manager,Bachelors,25,6.7,2.8,118481.0,False,False,2018
EMP00122,Female,Engineering,Senior,Bachelors,27,5.2,3.0,72829.0,False,False,2021
EMP00123,Male,Sales,Associate,Bachelors,29,2.4,3.7,56910.0,False,False,2023
EMP00124,Male,Marketing,Lead,Bachelors,24,5.2,2.3,95467.0,False,False,2020
EMP00125,Male,Engineering,Senior,Bachelors,32,5.1,4.2,73501.0,False,False,2021
EMP00126,Male,Sales,Associate,Bachelors,33,4.3,3.8,52602.0,False,True,2021
EMP00127,Male,Marketing,Manager,Bachelors,29,5.7,3.9,119276.0,True,False,2020
EMP00128,Male,Operations,Lead,Masters,37,11.7,3.7,105746.0,False,False,2014
EMP00129,Male,Engineering,Lead,Bachelors,35,7.8,3.3,96694.0,False,False,2017
EMP00130,Female,HR,Senior,Bachelors,39,16.9,2.8,86402.0,True,False,2009
EMP00131,Male,Operations,Lead,Masters,34,7.7,3.3,87906.0,False,False,2017
EMP00132,Female,Finance,Associate,Masters,28,5.8,2.8,51023.0,False,False,2020
EMP00133,Female,Operations,Director,Masters,30,7.0,3.7,119866.0,True,False,2018
EMP00134,Male,Sales,Senior,Masters,30,8.0,3.9,85372.0,False,False,2018
EMP00135,Female,Finance,Associate,Masters,34,8.7,4.3,65068.0,False,False,2016
EMP00136,Male,Operations,Associate,Bachelors,43,15.3,3.6,76057.0,True,False,2010
EMP00137,Female,Sales,Senior,Bachelors,27,3.6,4.0,76885.0,False,False,2021
EMP00138,Male,Marketing,Director,Masters,31,10.4,3.2,131211.0,True,False,2015
EMP00139,Female,HR,Manager,Bachelors,29,7.8,3.1,107622.0,True,False,2017
EMP00140,Male,Marketing,Lead,Bachelors,26,0.7,3.7,90668.0,False,False,2025
EMP00141,Male,Sales,Director,Bachelors,40,10.1,3.2,141731.0,False,False,2015
EMP00142,Male,Operations,Lead,Bachelors,37,12.1,3.6,113423.0,True,False,2013
EMP00143,Female,Operations,Associate,Bachelors,26,3.6,2.8,43767.0,False,False,2022
EMP00144,Male,Marketing,Lead,Bachelors,33,7.0,2.9,93646.0,False,False,2019
EMP00145,Male,Finance,Associate,Masters,23,0.1,3.8,48581.0,False,False,2025
EMP00146,Male,Marketing,Associate,PhD,25,2.0,3.9,55390.0,False,False,2024
EMP00147,Male,Finance,Senior,Bachelors,32,11.2,2.8,83254.0,False,False,2014
EMP00148,Male,HR,Associate,PhD,33,5.1,3.8,58114.0,False,False,2021
EMP00149,Male,Marketing,Director,Bachelors,21,2.6,3.1,129310.0,False,False,2022
EMP00150,Male,Engineering,Director,PhD,34,7.9,3.4,129644.0,False,False,2017
EMP00151,Female,HR,Associate,PhD,28,4.9,4.3,53407.0,False,False,2020
EMP00152,Female,Sales,Lead,Bachelors,28,5.1,3.9,85396.0,False,False,2020
EMP00153,Male,Sales,Senior,Masters,39,10.0,3.9,83259.0,True,False,2015
EMP00154,Male,Sales,Associate,PhD,24,2.4,4.5,52186.0,True,False,2023
EMP00155,Male,Operations,Senior,Masters,25,3.4,3.0,71906.0,False,False,2023
EMP00156,Female,Engineering,Associate,PhD,31,7.6,2.8,56034.0,False,True,2017
EMP00157,Male,Finance,Senior,Bachelors,36,10.9,3.0,80204.0,False,False,2014
EMP00158,Female,Operations,Associate,Bachelors,35,12.0,3.2,64107.0,False,False,2014
EMP00159,Female,Engineering,Associate,Masters,24,4.3,2.0,47589.0,True,True,2022
EMP00160,Female,HR,Associate,Masters,32,10.7,3.3,66670.0,True,False,2014
EMP00161,Male,HR,Manager,Masters,32,3.9,3.1,108370.0,False,False,2021
EMP00162,Female,Marketing,Associate,Bachelors,39,14.3,3.9,68653.0,False,False,2012
EMP00163,Male,Finance,Senior,Bachelors,28,2.5,3.6,70299.0,False,True,2024
EMP00164,Male,Marketing,Senior,Bachelors,36,12.3,3.0,85422.0,True,True,2014
EMP00165,Male,Marketing,Senior,Masters,26,4.4,3.8,78849.0,False,False,2021
EMP00166,Male,Marketing,Senior,Bachelors,44,15.1,3.8,90405.0,False,False,2010
EMP00167,Female,Finance,Associate,Masters,33,9.4,2.9,59823.0,True,False,2017
EMP00168,Female,HR,Senior,Masters,26,2.9,3.1,62678.0,True,False,2023
EMP00169,Male,Marketing,Senior,Bachelors,32,4.9,2.1,74686.0,False,False,2021
EMP00170,Female,Operations,Lead,Bachelors,32,10.1,2.7,88519.0,False,False,2016
EMP00171,Male,Finance,Senior,Bachelors,33,11.2,3.0,87207.0,False,False,2014
EMP00172,Male,Operations,Senior,PhD,31,6.7,3.4,78494.0,False,True,2019
EMP00173,Male,Finance,Senior,Masters,31,7.2,2.8,83284.0,False,False,2018
EMP00174,Female,Marketing,Associate,Bachelors,35,10.0,3.1,54676.0,True,False,2016
EMP00175,Male,Finance,Senior,Bachelors,38,7.5,2.7,71445.0,False,False,2018
EMP00176,Male,Sales,Associate,Bachelors,27,1.8,3.5,50735.0,False,True,2023
EMP00177,Male,Sales,Senior,Bachelors,21,3.7,3.7,69112.0,False,True,2021
EMP00178,Female,Marketing,Lead,PhD,33,7.9,3.6,82851.0,False,False,2018
EMP00179,Female,Operations,Associate,Masters,36,11.9,3.4,63634.0,False,False,2013
EMP00180,Female,HR,Associate,Bachelors,38,13.5,2.5,61355.0,True,False,2012
EMP00181,Female,Marketing,Senior,Masters,35,10.1,3.0,74783.0,False,False,2016
EMP00182,Female,Marketing,Senior,Bachelors,32,8.1,3.2,74336.0,False,False,2017
EMP00183,Male,Sales,Manager,Masters,34,10.0,3.2,116211.0,True,False,2015
EMP00184,Male,HR,Director,Bachelors,30,4.3,3.4,135251.0,False,False,2021
EMP00185,Female,Marketing,Director,Masters,29,6.4,4.3,118466.0,False,True,2020
EMP00186,Female,HR,Senior,PhD,25,3.7,3.9,64296.0,True,False,2022
EMP00187,Male,Marketing,Associate,Bachelors,35,2.0,2.8,54584.0,False,False,2023
EMP00188,Male,Sales,Lead,Masters,30,8.3,3.8,98987.0,False,False,2017
EMP00189,Female,Operations,Senior,PhD,32,7.7,3.8,83362.0,False,False,2017
EMP00190,Male,Marketing,Lead,Bachelors,29,9.8,2.9,97295.0,False,False,2016
EMP00191,Female,Engineering,Associate,Bachelors,34,9.2,3.9,64899.0,False,False,2016
EMP00192,Male,Marketing,Associate,Masters,29,8.0,3.3,66229.0,False,False,2018
EMP00193,Male,HR,Associate,Bachelors,32,9.2,2.6,59515.0,False,False,2017
EMP00194,Female,Engineering,Associate,Bachelors,34,6.8,3.7,53023.0,True,False,2018
EMP00195,Male,Sales,Associate,Bachelors,34,8.7,3.5,66515.0,False,False,2016
EMP00196,Male,Engineering,Director,Masters,30,4.1,3.3,130350.0,True,False,2022
EMP00197,Female,HR,Associate,Bachelors,27,8.5,3.4,51180.0,False,False,2018
EMP00198,Female,Finance,Senior,Bachelors,39,9.7,3.0,71613.0,False,False,2015
EMP00199,Male,Operations,Director,Masters,25,4.3,3.8,119704.0,False,False,2021
EMP00200,Male,Marketing,Senior,Bachelors,36,7.2,3.4,81382.0,False,False,2019
EMP00201,Female,Operations,Senior,Masters,32,4.5,3.5,70186.0,False,False,2020
EMP00202,Female,Sales,Lead,Bachelors,31,4.9,3.6,87810.0,False,False,2020
EMP00203,Male,Finance,Senior,PhD,24,2.5,2.7,63084.0,True,True,2022
EMP00204,Male,HR,Senior,Masters,37,12.1,2.9,80458.0,False,False,2013
EMP00205,Male,Finance,Manager,Bachelors,34,11.3,2.1,115338.0,True,False,2015
EMP00206,Male,Finance,Lead,Masters,33,9.1,3.7,98061.0,False,False,2016
EMP00207,Male,HR,Manager,Bachelors,38,14.9,2.7,124921.0,False,False,2010
EMP00208,Female,Sales,Director,Bachelors,24,6.2,3.5,124723.0,False,False,2020
EMP00209,Male,HR,Senior,Bachelors,46,19.1,3.6,106528.0,True,False,2007
EMP00210,Male,Finance,Lead,Masters,30,6.1,3.8,96470.0,False,False,2020
EMP00211,Female,Operations,Senior,Bachelors,31,8.0,2.7,74016.0,False,False,2017
EMP00212,Female,Operations,Lead,Bachelors,28,5.4,3.4,83159.0,False,False,2020
EMP00213,Male,Sales,Lead,Bachelors,34,8.5,4.4,95250.0,False,False,2018
EMP00214,Female,HR,Lead,Bachelors,32,10.3,4.4,93760.0,False,True,2015
EMP00215,Female,Engineering,Manager,Bachelors,24,6.5,4.0,102204.0,True,False,2020
EMP00216,Female,Finance,Associate,Bachelors,39,14.1,3.6,66171.0,False,False,2012
EMP00217,Male,Operations,Lead,Bachelors,34,8.0,2.8,93278.0,False,True,2018
EMP00218,Male,Engineering,Associate,Bachelors,32,8.1,3.8,55733.0,True,False,2018
EMP00219,Female,HR,Senior,Masters,24,3.4,3.3,76225.0,False,False,2022
EMP00220,Male,Operations,Lead,Bachelors,33,8.7,3.7,98000.0,True,True,2016
EMP00221,Male,Operations,Manager,Masters,26,6.5,3.0,106200.0,False,False,2020
EMP00222,Male,Marketing,Senior,Bachelors,26,4.6,3.3,78393.0,False,False,2020
EMP00223,Female,Engineering,Senior,Bachelors,26,3.9,3.5,67178.0,False,False,2022
EMP00224,Female,Operations,Associate,Bachelors,44,17.7,3.5,74443.0,False,False,2007
EMP00225,Male,Operations,Associate,Bachelors,29,5.9,3.7,57016.0,False,False,2019
EMP00226,Female,HR,Associate,Bachelors,24,1.2,3.1,44965.0,False,False,2024
EMP00227,Male,Operations,Manager,Masters,34,4.2,2.6,109479.0,False,True,2021
EMP00228,Male,Engineering,Senior,Bachelors,32,6.8,4.4,83773.0,False,True,2019
EMP00229,Female,HR,Director,Bachelors,34,9.2,4.9,128535.0,False,False,2017
EMP00230,Male,Engineering,Associate,Bachelors,32,9.2,3.7,64541.0,True,False,2017
EMP00231,Male,Operations,Lead,Bachelors,32,9.7,2.6,100464.0,True,False,2016
EMP00232,Male,Finance,Lead,Bachelors,22,4.4,2.9,94283.0,False,True,2021
EMP00233,Female,Operations,Lead,Bachelors,35,8.4,3.7,94259.0,False,False,2017
EMP00234,Female,HR,Senior,Bachelors,29,3.5,4.2,71613.0,False,False,2022
EMP00235,Female,Engineering,Lead,Bachelors,28,4.5,2.7,79792.0,False,False,2022
EMP00236,Female,Engineering,Manager,Masters,27,3.3,3.3,102720.0,False,False,2023
EMP00237,Male,Marketing,Senior,PhD,28,2.2,3.5,71969.0,False,True,2023
EMP00238,Female,Finance,Associate,Bachelors,31,11.3,3.9,62301.0,False,False,2014
EMP00239,Male,Engineering,Associate,Masters,32,9.8,3.2,69411.0,False,False,2016
EMP00240,Male,Operations,Lead,Masters,31,10.9,2.5,94139.0,True,False,2015
EMP00241,Female,Sales,Senior,Bachelors,37,7.2,3.8,80873.0,False,False,2019
EMP00242,Female,Marketing,Senior,Masters,37,10.1,4.1,77529.0,True,False,2016
EMP00243,Male,Sales,Lead,Masters,21,0.0,3.4,87470.0,False,False,2025
EMP00244,Male,Marketing,Senior,PhD,30,10.5,3.6,82970.0,False,False,2014
EMP00245,Female,Marketing,Lead,PhD,31,7.7,3.1,83791.0,False,False,2018
EMP00246,Female,Engineering,Lead,Bachelors,32,9.5,2.9,91685.0,False,False,2016
EMP00247,Female,HR,Lead,Bachelors,29,8.5,4.0,98420.0,False,False,2016
EMP00248,Male,Finance,Lead,Bachelors,33,3.1,3.6,94155.0,True,False,2023
EMP00249,Male,Operations,Manager,Bachelors,26,1.0,3.7,105808.0,False,False,2024
EMP00250,Male,Sales,Lead,Bachelors,30,4.2,4.3,86430.0,True,False,2021
EMP00251,Female,Operations,Director,PhD,31,9.3,2.8,121759.0,False,False,2017
EMP00252,Female,Operations,Associate,Bachelors,36,9.8,3.1,69307.0,False,False,2016
EMP00253,Male,Operations,Lead,Bachelors,24,1.5,3.5,84380.0,False,False,2024
EMP00254,Male,Marketing,Lead,Masters,26,3.1,3.1,95658.0,False,False,2023
EMP00255,Male,Operations,Senior,Bachelors,30,4.1,3.9,72114.0,False,False,2021
EMP00256,Female,HR,Associate,Bachelors,25,5.6,3.3,52466.0,False,False,2019
EMP00257,Female,Engineering,Senior,PhD,30,1.6,2.8,65970.0,True,False,2024
EMP00258,Male,Sales,Senior,Bachelors,26,1.3,3.4,66869.0,False,False,2025
EMP00259,Male,Finance,Manager,Bachelors,32,3.7,3.5,116419.0,False,False,2021
EMP00260,Female,Engineering,Associate,Bachelors,28,7.3,4.0,57514.0,False,False,2018
EMP00261,Male,Marketing,Associate,PhD,24,2.3,3.6,56093.0,False,False,2023
EMP00262,Female,Finance,Senior,Bachelors,27,6.5,3.7,72581.0,True,False,2020
EMP00263,Male,Engineering,Senior,Bachelors,36,11.2,3.6,88235.0,True,False,2015
EMP00264,Male,Marketing,Associate,Bachelors,26,1.8,3.3,58915.0,False,False,2024
EMP00265,Female,Sales,Senior,Bachelors,29,6.2,3.0,70790.0,True,False,2020
EMP00266,Male,HR,Senior,PhD,32,11.1,3.6,92369.0,False,False,2014
EMP00267,Male,Sales,Associate,Bachelors,26,5.3,3.2,55104.0,False,False,2021
EMP00268,Male,Operations,Lead,PhD,29,4.7,4.4,99306.0,True,False,2021
EMP00269,Male,Engineering,Senior,Bachelors,34,11.7,4.2,90106.0,False,False,2014
EMP00270,Male,Operations,Manager,Bachelors,28,5.8,3.8,109826.0,False,True,2019
EMP00271,Male,Finance,Senior,Masters,40,11.4,3.6,86755.0,False,False,2014
EMP00272,Male,Operations,Associate,Bachelors,32,8.7,3.3,62979.0,False,False,2016
EMP00273,Male,Operations,Director,Bachelors,33,5.6,2.6,124787.0,False,False,2020
EMP00274,Female,Sales,Senior,Masters,31,8.9,3.3,75738.0,False,False,2016
EMP00275,Female,Operations,Associate,Bachelors,33,8.3,3.5,58008.0,False,False,2018
EMP00276,Male,HR,Manager,Bachelors,35,11.1,3.5,120860.0,False,False,2015
EMP00277,Male,Operations,Associate,PhD,24,4.8,3.7,58026.0,False,False,2021
EMP00278,Male,Operations,Manager,Bachelors,35,7.2,4.0,116440.0,True,False,2019
EMP00279,Female,HR,Lead,Bachelors,30,6.8,3.0,88734.0,True,False,2018
EMP00280,Female,Marketing,Director,Bachelors,36,9.8,3.0,125284.0,False,False,2015
EMP00281,Male,Engineering,Director,Bachelors,25,2.9,4.3,126674.0,False,True,2022
EMP00282,Male,Engineering,Associate,Bachelors,35,11.1,3.9,78977.0,True,False,2015
EMP00283,Male,Marketing,Lead,Masters,30,8.9,3.2,93313.0,True,False,2016
EMP00284,Male,Finance,Senior,Bachelors,29,1.7,3.3,68111.0,False,False,2023
EMP00285,Male,HR,Lead,Masters,37,11.8,3.3,101577.0,False,False,2014
EMP00286,Male,Marketing,Lead,Bachelors,41,15.9,3.4,118212.0,False,False,2009
EMP00287,Male,Sales,Associate,Bachelors,39,11.0,3.7,62319.0,True,False,2015
EMP00288,Male,HR,Associate,Bachelors,40,12.7,4.9,75454.0,False,False,2013
EMP00289,Male,HR,Associate,Masters,34,7.3,3.5,62444.0,False,False,2019
EMP00290,Male,Operations,Associate,Bachelors,21,0.4,3.8,53334.0,False,False,2026
EMP00291,Female,Finance,Associate,Bachelors,22,0.0,2.4,47935.0,False,True,2026
EMP00292,Male,HR,Manager,Masters,29,8.0,3.1,120163.0,False,False,2017
EMP00293,Female,Operations,Senior,Bachelors,31,4.6,4.1,72777.0,False,False,2020
EMP00294,Male,Marketing,Manager,Bachelors,28,3.3,3.6,110526.0,False,False,2022
EMP00295,Female,Operations,Lead,Masters,27,6.7,1.0,74851.0,False,False,2019
EMP00296,Female,Marketing,Lead,Bachelors,33,9.5,3.8,93015.0,False,False,2016
EMP00297,Female,Engineering,Senior,Bachelors,21,1.2,4.6,66959.0,False,False,2025
EMP00298,Female,Marketing,Manager,Bachelors,29,5.2,2.2,92992.0,False,False,2020
EMP00299,Female,Engineering,Lead,Bachelors,32,13.0,4.3,93111.0,False,False,2013
EMP00300,Female,Engineering,Lead,Bachelors,28,2.7,1.7,80731.0,False,False,2022
EMP00301,Female,Operations,Manager,Masters,36,10.5,4.0,104832.0,True,True,2016
EMP00302,Male,Finance,Lead,Bachelors,35,5.1,3.4,94443.0,False,False,2021
EMP00303,Male,Sales,Senior,Masters,36,9.2,2.0,72894.0,False,False,2017
EMP00304,Male,Operations,Manager,PhD,34,11.4,3.7,118801.0,False,False,2015
EMP00305,Female,Engineering,Senior,Masters,36,10.0,4.1,87519.0,True,False,2016
EMP00306,Male,Sales,Manager,Masters,30,10.6,3.6,123052.0,True,False,2014
EMP00307,Male,Finance,Associate,Masters,24,2.4,3.8,59597.0,True,False,2024
EMP00308,Female,Sales,Associate,PhD,36,11.5,3.2,68610.0,False,False,2014
EMP00309,Male,Finance,Senior,Bachelors,21,3.6,2.3,67209.0,False,False,2021
EMP00310,Male,Operations,Associate,Bachelors,32,8.0,3.8,69396.0,False,False,2017
EMP00311,Male,Engineering,Director,Bachelors,29,8.0,4.4,131338.0,False,False,2017
EMP00312,Male,Engineering,Associate,Bachelors,33,8.9,4.1,68634.0,True,False,2017
EMP00313,Male,Operations,Lead,Bachelors,29,8.3,2.2,93077.0,False,False,2018
EMP00314,Male,HR,Associate,Masters,29,3.6,2.5,49179.0,False,False,2021
EMP00315,Male,HR,Director,Bachelors,26,1.6,2.9,125558.0,False,False,2024
EMP00316,Male,Marketing,Senior,PhD,39,10.5,2.4,84730.0,True,False,2014
EMP00317,Male,Marketing,Associate,Bachelors,32,7.7,3.4,65411.0,False,False,2017
EMP00318,Female,Finance,Associate,Bachelors,33,11.6,3.6,62717.0,True,False,2013
EMP00319,Male,HR,Senior,Bachelors,30,6.8,2.5,76228.0,True,False,2019
EMP00320,Female,Engineering,Director,Bachelors,21,1.4,3.9,120190.0,True,False,2025
EMP00321,Female,HR,Director,Bachelors,36,10.9,3.8,131520.0,True,False,2014
EMP00322,Male,Finance,Senior,Bachelors,31,5.5,3.1,77715.0,True,True,2020
EMP00323,Male,Engineering,Senior,Bachelors,40,8.4,3.3,81316.0,False,False,2018
EMP00324,Male,Marketing,Associate,Bachelors,27,4.4,2.2,56571.0,False,False,2021
EMP00325,Female,Finance,Senior,Bachelors,37,13.6,3.2,75342.0,False,True,2012
EMP00326,Female,HR,Senior,Bachelors,26,3.5,3.4,68982.0,False,False,2022
EMP00327,Female,Engineering,Associate,Bachelors,30,5.7,3.5,50227.0,False,False,2019
EMP00328,Male,Engineering,Lead,Bachelors,33,7.4,3.6,99007.0,False,False,2019
EMP00329,Female,HR,Manager,Bachelors,26,2.6,3.5,107754.0,False,True,2022
EMP00330,Male,Marketing,Associate,Bachelors,36,8.3,3.2,60154.0,True,True,2017
EMP00331,Female,Operations,Associate,Bachelors,36,13.4,3.6,67316.0,False,False,2012
EMP00332,Male,HR,Associate,Masters,32,5.0,4.0,62526.0,False,False,2021
EMP00333,Female,Operations,Associate,PhD,34,8.6,3.3,51109.0,False,False,2017
EMP00334,Female,Sales,Associate,PhD,24,0.0,3.6,45132.0,False,False,2025
EMP00335,Male,Marketing,Lead,Bachelors,30,6.8,3.3,97558.0,False,False,2019
EMP00336,Female,Engineering,Associate,Bachelors,37,5.7,3.0,41666.0,False,False,2019
EMP00337,Male,HR,Lead,Bachelors,25,3.7,3.7,88743.0,False,False,2021
EMP00338,Female,Sales,Manager,Masters,36,11.3,3.1,119356.0,False,False,2014
EMP00339,Male,Marketing,Director,Masters,27,5.7,3.6,135362.0,False,True,2019
EMP00340,Female,Marketing,Lead,Masters,36,6.3,3.4,92785.0,False,False,2020
EMP00341,Male,Sales,Associate,Masters,32,5.5,3.2,61379.0,False,True,2020
EMP00342,Female,Engineering,Associate,Bachelors,22,0.0,3.2,47613.0,False,False,2025
EMP00343,Female,HR,Associate,Masters,28,2.5,3.1,52272.0,False,False,2022
EMP00344,Female,Operations,Director,Masters,36,10.8,2.4,122154.0,True,False,2014
EMP00345,Female,Sales,Director,Bachelors,22,0.0,3.6,111571.0,False,False,2026
EMP00346,Female,Marketing,Senior,PhD,30,3.9,3.5,66522.0,False,True,2021
EMP00347,Female,Sales,Associate,Bachelors,31,5.4,3.9,61634.0,True,False,2020
EMP00348,Male,Finance,Senior,PhD,39,14.0,3.1,94386.0,False,False,2012
EMP00349,Female,Marketing,Associate,Masters,34,10.1,4.5,68374.0,False,False,2016
EMP00350,Male,Operations,Director,Bachelors,30,4.8,3.2,127168.0,False,False,2021
EMP00351,Female,Sales,Associate,Masters,37,12.2,2.9,58551.0,False,False,2013
EMP00352,Male,Engineering,Senior,Bachelors,28,4.0,2.8,77508.0,False,True,2021
EMP00353,Male,HR,Senior,Masters,33,11.0,2.4,83876.0,False,False,2015
EMP00354,Male,HR,Associate,Masters,31,1.6,4.3,56614.0,True,False,2024
EMP00355,Male,Operations,Senior,Masters,32,11.3,4.2,85015.0,False,False,2014
EMP00356,Male,Operations,Manager,Masters,31,5.4,3.8,115203.0,True,False,2020
EMP00357,Female,Operations,Associate,Bachelors,26,2.9,2.9,44933.0,False,False,2022
EMP00358,Female,HR,Senior,Bachelors,35,6.1,4.5,75711.0,False,False,2020
EMP00359,Male,Marketing,Senior,Bachelors,29,8.1,3.2,85266.0,False,False,2017
EMP00360,Female,Marketing,Associate,Bachelors,27,5.0,3.2,59543.0,False,False,2021
EMP00361,Female,Engineering,Associate,Bachelors,30,9.2,4.3,64604.0,False,False,2016
EMP00362,Male,Marketing,Associate,Bachelors,30,4.7,3.8,52922.0,False,False,2020
EMP00363,Male,Marketing,Associate,Bachelors,29,9.5,4.7,69139.0,True,False,2016
EMP00364,Male,Engineering,Senior,Bachelors,31,8.8,3.5,90259.0,False,False,2016
EMP00365,Female,Sales,Lead,Masters,24,6.8,3.2,87734.0,True,False,2019
EMP00366,Male,HR,Lead,Bachelors,30,5.2,3.0,92563.0,False,False,2020
EMP00367,Female,Marketing,Manager,Masters,30,7.6,2.3,107926.0,False,False,2018
EMP00368,Female,Operations,Senior,Bachelors,29,9.2,3.2,75423.0,False,False,2017
EMP00369,Male,Marketing,Lead,Bachelors,42,15.2,4.1,121021.0,False,False,2010
EMP00370,Female,Operations,Lead,Bachelors,31,10.8,3.8,90787.0,True,False,2014
EMP00371,Female,HR,Associate,Bachelors,37,10.9,3.4,56136.0,False,False,2015
EMP00372,Male,Engineering,Senior,Bachelors,41,19.4,2.8,100397.0,True,False,2006
EMP00373,Male,Sales,Senior,Bachelors,38,9.1,3.5,77366.0,True,False,2017
EMP00374,Male,Finance,Manager,Bachelors,35,8.9,4.0,118563.0,True,False,2017
EMP00375,Male,HR,Senior,Bachelors,31,9.8,3.7,83537.0,True,False,2016
EMP00376,Male,Sales,Associate,Bachelors,24,3.0,3.5,59144.0,False,False,2023
EMP00377,Female,HR,Director,Bachelors,31,5.2,2.9,119303.0,False,False,2021
EMP00378,Male,Operations,Associate,Masters,28,5.0,3.9,61028.0,False,False,2021
EMP00379,Male,Marketing,Director,Bachelors,33,9.6,1.5,129290.0,False,False,2016
EMP00380,Female,Engineering,Lead,PhD,34,6.3,3.6,93052.0,False,False,2019
EMP00381,Male,Sales,Manager,Masters,29,7.6,4.9,136203.0,False,False,2017
EMP00382,Female,Operations,Lead,PhD,36,11.3,2.5,92803.0,False,False,2015
EMP00383,Female,Finance,Associate,Masters,37,10.5,3.3,59306.0,True,False,2016
EMP00384,Male,Operations,Lead,Bachelors,33,6.4,3.4,90609.0,False,False,2019
EMP00385,Male,Operations,Lead,Bachelors,28,4.3,3.1,89200.0,False,False,2022
EMP00386,Female,Engineering,Lead,Bachelors,35,11.5,4.0,97021.0,True,False,2014
EMP00387,Female,Sales,Associate,Masters,29,10.1,3.7,60864.0,False,False,2016
EMP00388,Female,Engineering,Associate,Bachelors,21,0.6,3.5,46792.0,False,False,2024
EMP00389,Male,Engineering,Senior,Bachelors,31,5.7,3.9,85362.0,False,False,2020
EMP00390,Female,Operations,Senior,PhD,31,7.7,3.4,78975.0,False,False,2017
EMP00391,Female,Operations,Senior,Bachelors,34,10.1,5.0,79682.0,True,False,2016
EMP00392,Male,Engineering,Manager,Bachelors,38,10.6,3.5,115567.0,False,False,2014
EMP00393,Female,Finance,Lead,Masters,29,8.1,3.5,96964.0,False,False,2017
EMP00394,Female,HR,Lead,Bachelors,33,9.3,2.4,88931.0,True,False,2017
EMP00395,Male,Engineering,Associate,Bachelors,32,7.3,3.1,53344.0,False,False,2019
EMP00396,Male,Operations,Senior,Masters,26,4.3,4.1,79600.0,False,False,2022
EMP00397,Female,Operations,Associate,Bachelors,34,6.0,2.6,56752.0,False,False,2019
EMP00398,Male,HR,Associate,Bachelors,34,7.1,2.1,47246.0,False,False,2018
EMP00399,Male,Finance,Associate,Bachelors,32,6.9,3.4,57252.0,False,False,2019
EMP00400,Male,Marketing,Senior,Masters,29,0.0,4.2,70158.0,False,False,2026
EMP00401,Male,Finance,Associate,Bachelors,25,5.4,3.4,61238.0,True,False,2021
EMP00402,Female,Marketing,Senior,PhD,31,7.2,3.2,69249.0,False,False,2018
EMP00403,Female,Operations,Associate,Masters,31,5.9,2.3,48251.0,False,False,2019
EMP00404,Male,Engineering,Associate,Bachelors,27,6.0,3.7,63009.0,False,True,2020
EMP00405,Female,Sales,Associate,Bachelors,34,9.0,3.8,58725.0,True,False,2017
EMP00406,Female,Operations,Senior,Bachelors,23,2.7,2.3,65559.0,False,False,2023
EMP00407,Male,Sales,Senior,Masters,27,0.5,4.1,66604.0,False,False,2024
EMP00408,Female,Sales,Associate,Bachelors,33,5.6,3.9,51248.0,False,False,2020
EMP00409,Male,Finance,Associate,Bachelors,35,10.1,4.1,70471.0,False,False,2015
EMP00410,Female,Sales,Director,Bachelors,32,13.8,3.8,137321.0,False,False,2011
EMP00411,Female,HR,Senior,PhD,31,10.1,3.8,79152.0,False,False,2016
EMP00412,Female,Sales,Lead,Bachelors,27,1.1,3.7,77895.0,True,False,2024
EMP00413,Male,Sales,Senior,Masters,30,6.1,3.9,75670.0,False,False,2019
EMP00414,Female,Operations,Lead,Bachelors,24,8.0,2.3,97819.0,True,False,2018
EMP00415,Male,Sales,Manager,PhD,35,7.7,2.5,106958.0,False,False,2018
EMP00416,Male,Engineering,Senior,Bachelors,34,9.2,3.0,85806.0,False,False,2017
EMP00417,Male,Finance,Lead,Bachelors,25,3.3,3.3,96132.0,False,True,2023
EMP00418,Female,Operations,Associate,PhD,34,7.3,3.6,58568.0,True,False,2019
EMP00419,Male,Engineering,Lead,PhD,31,8.7,3.6,97099.0,False,False,2016
EMP00420,Female,Finance,Senior,Bachelors,32,10.3,4.1,75539.0,False,False,2015
EMP00421,Female,HR,Associate,Bachelors,29,3.8,4.1,52152.0,False,False,2021
EMP00422,Male,Finance,Director,Bachelors,35,5.6,2.9,123920.0,True,False,2019
EMP00423,Male,Engineering,Manager,Bachelors,29,0.0,3.5,100653.0,False,False,2026
EMP00424,Male,Operations,Associate,Bachelors,30,4.5,2.9,58029.0,False,False,2022
EMP00425,Female,HR,Director,Masters,30,4.9,3.3,117795.0,False,False,2020
EMP00426,Female,Operations,Associate,Bachelors,29,2.9,3.6,47174.0,True,True,2022
EMP00427,Male,Marketing,Senior,Masters,28,7.7,1.4,76454.0,False,False,2018
EMP00428,Female,Operations,Manager,Bachelors,33,6.8,4.8,111144.0,False,True,2018
EMP00429,Male,HR,Senior,Bachelors,22,0.0,3.7,75140.0,False,False,2026
EMP00430,Female,Engineering,Senior,Masters,33,7.9,3.0,73845.0,False,False,2017
EMP00431,Female,Operations,Lead,Bachelors,27,3.3,4.6,92663.0,False,False,2022
EMP00432,Female,Finance,Associate,Masters,34,8.9,3.2,60184.0,False,False,2017
EMP00433,Female,Sales,Senior,Bachelors,26,1.9,3.5,69333.0,False,False,2023
EMP00434,Female,HR,Associate,PhD,22,7.1,3.1,50041.0,False,False,2018
EMP00435,Male,Marketing,Lead,Masters,30,5.9,4.4,97563.0,True,False,2019
EMP00436,Male,HR,Associate,Masters,34,8.2,3.3,62044.0,False,False,2017
EMP00437,Male,Operations,Associate,Bachelors,33,7.5,3.5,60775.0,False,False,2018
EMP00438,Male,Operations,Lead,Bachelors,30,6.0,4.1,99076.0,False,False,2020
EMP00439,Female,Sales,Associate,Bachelors,30,0.9,3.8,50950.0,True,False,2025
EMP00440,Female,Operations,Senior,Bachelors,26,1.1,3.4,68751.0,True,False,2025
EMP00441,Female,Marketing,Lead,Bachelors,30,4.7,4.1,88760.0,True,False,2020
EMP00442,Male,Finance,Lead,Bachelors,34,7.0,4.9,98257.0,False,False,2019
EMP00443,Female,Finance,Associate,Bachelors,30,4.6,3.6,58218.0,False,False,2020
EMP00444,Male,Marketing,Manager,Bachelors,31,9.5,3.5,120149.0,False,False,2016
EMP00445,Male,Marketing,Lead,Bachelors,23,5.9,3.5,91276.0,False,False,2020
EMP00446,Female,Marketing,Associate,Bachelors,26,3.1,4.2,52101.0,True,False,2023
EMP00447,Female,Operations,Lead,Bachelors,32,5.9,3.0,77967.0,False,False,2020
EMP00448,Female,Marketing,Lead,Masters,31,7.9,3.2,91525.0,True,True,2017
EMP00449,Male,Sales,Lead,Bachelors,35,8.3,2.5,95156.0,False,False,2017
EMP00450,Female,Marketing,Senior,Bachelors,39,14.5,2.7,78778.0,False,False,2010
EMP00451,Male,Sales,Lead,Bachelors,32,4.3,3.1,98088.0,False,False,2021
EMP00452,Female,Marketing,Director,Masters,30,6.7,3.4,126195.0,True,False,2019
EMP00453,Female,Engineering,Senior,Bachelors,34,8.7,4.5,80337.0,True,False,2016
EMP00454,Male,Engineering,Manager,Bachelors,32,6.9,3.7,124197.0,False,True,2019
EMP00455,Male,Finance,Lead,PhD,34,5.0,2.9,96509.0,True,False,2020
EMP00456,Male,Engineering,Manager,Bachelors,21,0.8,3.0,104074.0,False,False,2024
EMP00457,Female,HR,Director,Masters,28,5.0,4.2,121848.0,False,False,2020
EMP00458,Male,Finance,Associate,Masters,29,2.7,4.1,50902.0,True,False,2023
EMP00459,Female,Finance,Associate,Bachelors,29,0.1,3.4,46467.0,False,False,2026
EMP00460,Female,Marketing,Senior,Bachelors,29,3.8,3.1,66225.0,False,False,2022
EMP00461,Male,Sales,Senior,Masters,26,2.8,4.1,71622.0,False,False,2023
EMP00462,Male,Operations,Lead,PhD,36,9.3,2.8,97045.0,False,False,2016
EMP00463,Female,Operations,Lead,Bachelors,36,9.4,3.6,93793.0,False,True,2016
EMP00464,Male,HR,Director,Bachelors,26,3.4,4.8,133441.0,True,False,2023
EMP00465,Male,Engineering,Senior,Bachelors,31,6.0,3.5,72549.0,False,True,2020
EMP00466,Female,Engineering,Lead,Bachelors,28,0.0,2.9,74896.0,True,False,2026
EMP00467,Female,Sales,Associate,Masters,35,5.0,3.6,53377.0,True,True,2021
EMP00468,Female,Engineering,Senior,Bachelors,35,8.6,3.1,76982.0,False,False,2016
EMP00469,Male,Operations,Associate,Masters,34,10.3,2.6,70596.0,False,False,2015
EMP00470,Male,Sales,Senior,Masters,28,4.1,3.8,76479.0,True,False,2021
EMP00471,Male,Sales,Senior,Masters,37,11.2,4.1,80646.0,True,False,2014
EMP00472,Male,Operations,Lead,Masters,25,0.9,3.2,88623.0,False,False,2025
EMP00473,Male,Finance,Lead,Masters,27,2.0,3.2,90783.0,True,False,2024
EMP00474,Male,Sales,Senior,Masters,31,9.8,2.8,80599.0,True,False,2015
EMP00475,Male,Marketing,Associate,Masters,42,13.7,3.3,65596.0,False,True,2012
EMP00476,Male,HR,Associate,Bachelors,30,9.0,3.1,69832.0,True,False,2016
EMP00477,Male,HR,Director,Bachelors,30,6.8,2.8,126320.0,False,False,2018
EMP00478,Female,Operations,Manager,Bachelors,24,0.0,4.5,103447.0,False,False,2026
EMP00479,Female,Operations,Associate,Masters,30,0.0,3.7,48255.0,False,False,2026
EMP00480,Male,Operations,Associate,Masters,30,7.5,3.7,64753.0,False,False,2018
EMP00481,Male,Engineering,Senior,Bachelors,28,5.6,3.9,84927.0,False,False,2019
EMP00482,Male,Sales,Lead,Bachelors,25,2.6,3.9,93847.0,False,False,2023
EMP00483,Female,HR,Associate,Bachelors,36,7.3,3.2,55238.0,True,False,2018
EMP00484,Male,Engineering,Associate,Masters,23,7.5,3.6,66474.0,True,False,2018
EMP00485,Male,Marketing,Senior,Bachelors,32,10.8,3.2,81276.0,False,False,2014
EMP00486,Male,Engineering,Associate,Bachelors,40,7.5,3.7,63004.0,True,False,2018
EMP00487,Male,Operations,Senior,Masters,38,11.9,3.6,81478.0,True,False,2014
EMP00488,Male,Engineering,Associate,Masters,28,7.0,3.2,55967.0,False,False,2019
EMP00489,Male,Engineering,Lead,Bachelors,30,6.5,2.6,93756.0,False,False,2020
EMP00490,Male,Sales,Senior,Bachelors,36,11.3,3.5,86922.0,True,False,2015
EMP00491,Female,Engineering,Associate,PhD,30,3.1,3.3,44886.0,False,False,2023
EMP00492,Female,HR,Senior,Masters,48,18.3,2.3,86887.0,False,True,2007
EMP00493,Female,Marketing,Senior,Masters,34,8.5,3.7,73913.0,False,False,2018
EMP00494,Male,Operations,Manager,Bachelors,31,8.5,4.0,123869.0,True,False,2018
EMP00495,Female,Sales,Director,Bachelors,35,9.1,4.9,124046.0,False,True,2016
EMP00496,Male,HR,Associate,Bachelors,36,14.5,3.2,66856.0,True,False,2010
EMP00497,Male,HR,Manager,Masters,31,10.2,3.1,118903.0,False,False,2016
EMP00498,Female,HR,Lead,Bachelors,21,0.6,2.7,77966.0,False,False,2025
EMP00499,Male,Finance,Lead,Bachelors,32,12.6,3.5,110476.0,True,False,2013
EMP00500,Male,Sales,Senior,Masters,27,5.6,3.5,76902.0,False,False,2019
EMP00501,Female,HR,Associate,PhD,28,7.4,2.9,55502.0,False,False,2018
EMP00502,Female,Finance,Associate,Masters,27,1.9,3.3,50806.0,False,False,2023
EMP00503,Female,Operations,Director,Bachelors,30,9.1,2.2,114957.0,False,True,2017
EMP00504,Male,HR,Lead,Bachelors,21,4.4,4.0,89443.0,False,True,2022
EMP00505,Male,HR,Senior,Bachelors,28,7.4,2.9,79433.0,False,False,2019
EMP00506,Female,Operations,Senior,Bachelors,28,5.9,3.4,66955.0,False,False,2019
EMP00507,Male,HR,Associate,Bachelors,37,14.7,2.5,65150.0,True,False,2010
EMP00508,Female,Operations,Associate,Bachelors,43,14.9,3.1,70999.0,False,False,2010
EMP00509,Male,Engineering,Lead,Bachelors,29,7.2,3.2,98500.0,False,False,2019
EMP00510,Male,Marketing,Senior,Masters,34,7.3,3.4,74135.0,False,False,2019
EMP00511,Male,Engineering,Manager,PhD,29,5.5,3.7,110873.0,False,False,2020
EMP00512,Female,Engineering,Senior,Bachelors,35,11.4,4.3,77826.0,True,True,2015
EMP00513,Male,Marketing,Lead,Bachelors,27,5.7,3.8,103055.0,False,False,2019
EMP00514,Male,Sales,Manager,Bachelors,29,5.3,4.0,117574.0,True,False,2020
EMP00515,Male,Marketing,Associate,Bachelors,33,10.9,4.3,67567.0,True,False,2015
EMP00516,Male,Marketing,Lead,Bachelors,29,4.8,3.7,96605.0,False,False,2020
EMP00517,Male,HR,Lead,Bachelors,30,6.8,3.4,90975.0,True,False,2019
EMP00518,Female,Operations,Associate,Masters,22,0.7,4.0,45415.0,True,False,2025
EMP00519,Male,Operations,Associate,Bachelors,37,9.8,4.0,67119.0,True,False,2016
EMP00520,Female,Marketing,Associate,Masters,40,14.8,3.8,68970.0,False,True,2010
EMP00521,Female,Sales,Associate,Bachelors,33,9.9,2.5,56385.0,False,False,2015
EMP00522,Male,Finance,Senior,Bachelors,37,12.8,2.9,86892.0,False,False,2013
EMP00523,Male,Engineering,Associate,Bachelors,27,3.6,3.2,55313.0,True,False,2021
EMP00524,Female,HR,Senior,Bachelors,29,7.9,3.9,76322.0,False,False,2018
EMP00525,Male,Marketing,Associate,Bachelors,27,3.2,3.4,53815.0,True,True,2022
EMP00526,Male,Sales,Associate,PhD,28,6.1,4.1,59745.0,False,False,2019
EMP00527,Female,HR,Associate,Bachelors,31,10.1,4.2,63403.0,False,False,2015
EMP00528,Female,Sales,Associate,Bachelors,27,7.4,4.1,61864.0,True,False,2018
EMP00529,Female,Sales,Director,Bachelors,24,1.3,4.1,118748.0,False,False,2025
EMP00530,Male,HR,Senior,Bachelors,27,1.7,2.8,64236.0,False,False,2024
EMP00531,Female,Sales,Associate,Bachelors,23,1.5,3.7,44091.0,False,False,2024
EMP00532,Female,Finance,Associate,Bachelors,41,9.0,3.0,58292.0,True,False,2017
EMP00533,Male,Engineering,Senior,Masters,42,15.3,2.4,94037.0,False,False,2010
EMP00534,Female,Marketing,Senior,Bachelors,40,12.4,3.2,83029.0,False,False,2014
EMP00535,Male,Finance,Manager,Bachelors,26,0.0,4.2,104953.0,False,False,2025
EMP00536,Male,Sales,Senior,Masters,42,12.7,3.7,89047.0,False,False,2012
EMP00537,Male,Finance,Lead,Masters,32,10.7,4.6,101303.0,True,False,2014
EMP00538,Male,Finance,Senior,Bachelors,21,0.8,3.5,74936.0,False,False,2025
EMP00539,Male,Operations,Manager,Bachelors,28,5.8,4.9,118146.0,False,False,2019
EMP00540,Female,Sales,Senior,Bachelors,37,11.4,3.5,77718.0,False,True,2015
EMP00541,Female,Finance,Associate,Bachelors,34,9.2,3.4,58485.0,True,False,2017
EMP00542,Male,Operations,Lead,Bachelors,27,1.8,2.6,84392.0,False,False,2024
EMP00543,Female,Finance,Lead,Masters,37,9.4,4.1,103039.0,True,False,2017
EMP00544,Female,Sales,Senior,Bachelors,25,0.0,3.1,63543.0,False,False,2025
EMP00545,Male,Finance,Director,Masters,32,6.1,3.0,130771.0,False,False,2019
EMP00546,Male,Engineering,Manager,Bachelors,33,11.6,4.2,126295.0,False,False,2014
EMP00547,Male,HR,Associate,Masters,28,7.1,4.1,59987.0,False,False,2018
EMP00548,Male,Marketing,Manager,Masters,34,5.0,4.1,114575.0,True,False,2020
EMP00549,Female,HR,Senior,Bachelors,35,10.6,3.2,81475.0,False,True,2014
EMP00550,Male,HR,Senior,Bachelors,33,10.9,3.4,78334.0,True,False,2015
EMP00551,Male,Engineering,Senior,Bachelors,34,12.2,3.4,87511.0,True,False,2013
EMP00552,Male,HR,Manager,Masters,33,10.5,3.9,121267.0,True,False,2016
EMP00553,Male,Operations,Lead,Bachelors,33,11.3,4.3,106370.0,True,False,2014
EMP00554,Female,Marketing,Senior,Bachelors,30,9.9,3.6,75538.0,False,False,2016
EMP00555,Male,Sales,Associate,Bachelors,28,8.1,4.6,66987.0,False,False,2017
EMP00556,Male,Operations,Senior,Masters,31,7.4,3.9,86149.0,True,False,2019
EMP00557,Male,Engineering,Manager,Bachelors,28,6.1,3.3,108332.0,True,False,2020
EMP00558,Male,Marketing,Lead,Bachelors,30,2.2,3.9,89631.0,False,False,2024
EMP00559,Female,HR,Associate,PhD,28,3.2,4.4,54692.0,True,True,2023
EMP00560,Male,Marketing,Manager,Bachelors,31,5.9,4.6,118574.0,False,False,2020
EMP00561,Male,Operations,Manager,Masters,30,8.0,4.1,120138.0,False,True,2017
EMP00562,Male,Marketing,Senior,Bachelors,36,12.8,3.4,98414.0,False,False,2013
EMP00563,Female,Operations,Associate,Bachelors,32,6.8,3.3,59713.0,False,False,2019
EMP00564,Female,Engineering,Senior,Masters,37,11.0,3.7,82981.0,False,False,2015
EMP00565,Female,Finance,Associate,Masters,35,11.3,4.4,63635.0,False,False,2015
EMP00566,Female,HR,Associate,Masters,33,6.1,3.7,50490.0,False,False,2020
EMP00567,Female,Sales,Senior,Bachelors,33,9.4,3.7,75473.0,False,False,2016
EMP00568,Male,Sales,Manager,Bachelors,32,6.0,3.4,116048.0,False,False,2020
EMP00569,Male,Finance,Senior,Bachelors,35,12.3,3.2,87677.0,False,False,2013
EMP00570,Male,HR,Manager,Bachelors,28,9.5,3.3,119763.0,False,True,2016
EMP00571,Male,HR,Manager,Bachelors,27,2.2,3.5,106943.0,True,False,2023
EMP00572,Female,Engineering,Associate,Bachelors,34,7.6,4.4,58528.0,False,False,2018
EMP00573,Male,HR,Associate,Bachelors,39,13.6,3.3,69581.0,False,False,2011
EMP00574,Female,Operations,Lead,Bachelors,32,6.3,3.4,91051.0,False,False,2019
EMP00575,Female,Engineering,Lead,Bachelors,32,8.8,2.9,95448.0,False,False,2016
EMP00576,Male,Marketing,Senior,Bachelors,31,9.2,3.8,79175.0,True,False,2016
EMP00577,Female,Marketing,Senior,Masters,29,2.9,4.2,71316.0,True,False,2022
EMP00578,Female,Operations,Senior,Masters,34,9.0,4.4,76795.0,False,False,2016
EMP00579,Female,Sales,Lead,Bachelors,24,1.4,3.5,82203.0,False,False,2024
EMP00580,Male,Marketing,Lead,Masters,32,4.5,3.7,93082.0,False,True,2022
EMP00581,Male,Finance,Associate,Masters,33,11.3,3.3,73113.0,True,False,2014
EMP00582,Male,Engineering,Associate,Bachelors,31,8.4,3.7,62028.0,True,False,2017
EMP00583,Male,Finance,Associate,Bachelors,35,5.8,3.6,60214.0,False,False,2020
EMP00584,Male,Finance,Director,Bachelors,35,8.8,3.4,137826.0,False,False,2016
EMP00585,Female,Finance,Manager,Bachelors,30,6.8,3.5,104766.0,False,False,2018
EMP00586,Female,HR,Lead,Masters,32,7.1,3.7,90130.0,False,False,2019
EMP00587,Male,Finance,Associate,PhD,34,9.6,3.2,62934.0,True,False,2016
EMP00588,Male,Finance,Lead,Bachelors,21,4.1,3.3,89995.0,False,False,2022
EMP00589,Male,Operations,Associate,Masters,28,7.2,4.4,62241.0,False,False,2018
EMP00590,Male,Marketing,Senior,Bachelors,30,5.8,5.0,86148.0,True,False,2019
EMP00591,Female,Marketing,Associate,Bachelors,24,0.7,2.7,42573.0,False,False,2025
EMP00592,Male,HR,Manager,Masters,28,3.3,2.6,109016.0,False,False,2022
EMP00593,Male,Sales,Associate,Bachelors,41,13.3,2.8,69608.0,False,False,2013
EMP00594,Female,Operations,Senior,Bachelors,32,8.5,3.3,69400.0,False,False,2016
EMP00595,Male,Finance,Director,Bachelors,23,1.7,3.9,128327.0,False,False,2024
EMP00596,Male,HR,Lead,PhD,26,0.8,3.8,82946.0,False,False,2024
EMP00597,Female,Sales,Associate,Bachelors,30,6.6,3.5,58467.0,False,True,2019
EMP00598,Female,Marketing,Manager,Bachelors,37,13.2,3.7,114047.0,False,False,2012
EMP00599,Female,Marketing,Senior,Bachelors,29,6.3,3.0,72824.0,False,False,2019
EMP00600,Female,HR,Senior,Bachelors,43,12.2,3.3,75526.0,False,False,2013
EMP00601,Male,Finance,Lead,Bachelors,26,8.4,3.4,99290.0,True,False,2018
EMP00602,Female,Finance,Manager,Masters,32,8.9,2.4,113956.0,False,True,2017
EMP00603,Female,Operations,Senior,Masters,26,1.7,2.7,60215.0,False,False,2024
EMP00604,Female,Operations,Senior,Masters,32,10.8,2.7,73361.0,False,False,2015
EMP00605,Female,Finance,Senior,Masters,32,5.7,3.9,70163.0,False,False,2020
EMP00606,Female,Marketing,Associate,Bachelors,37,10.5,3.5,64372.0,False,False,2014
EMP00607,Female,HR,Lead,Bachelors,28,3.7,3.8,76895.0,False,True,2022
EMP00608,Male,Marketing,Associate,Bachelors,31,7.7,2.3,66512.0,False,False,2018
EMP00609,Female,HR,Senior,Bachelors,32,8.4,2.5,74118.0,False,False,2018
EMP00610,Male,Finance,Senior,PhD,30,6.4,3.8,81788.0,False,False,2020
EMP00611,Male,Marketing,Associate,Masters,32,8.6,1.7,57426.0,False,False,2016
EMP00612,Female,HR,Senior,PhD,29,5.9,4.1,66921.0,True,True,2020
EMP00613,Female,Engineering,Senior,Bachelors,29,4.4,2.3,70108.0,False,False,2022
EMP00614,Female,Finance,Associate,Bachelors,40,13.4,3.9,64181.0,False,False,2013
EMP00615,Male,Marketing,Associate,Bachelors,32,11.2,2.9,67676.0,False,False,2014
EMP00616,Female,Marketing,Manager,Bachelors,25,4.0,4.0,103108.0,False,True,2022
EMP00617,Female,HR,Director,Bachelors,28,9.3,5.0,130614.0,True,True,2017
EMP00618,Male,Sales,Senior,Bachelors,31,4.0,2.0,66900.0,False,False,2021
EMP00619,Male,HR,Senior,Bachelors,27,2.3,3.8,76308.0,False,False,2023
EMP00620,Male,Finance,Associate,PhD,37,11.1,2.3,58796.0,False,False,2015
EMP00621,Female,Marketing,Associate,Bachelors,21,0.2,3.7,55199.0,False,False,2026
EMP00622,Male,Engineering,Senior,Bachelors,40,10.7,3.3,92902.0,False,False,2014
EMP00623,Female,Marketing,Manager,Masters,28,6.0,3.5,107503.0,False,False,2020
EMP00624,Male,Sales,Lead,Bachelors,31,6.2,2.9,99102.0,False,False,2020
EMP00625,Female,Marketing,Associate,Masters,35,8.6,3.9,61819.0,False,False,2016
EMP00626,Male,HR,Director,Masters,30,9.3,2.5,138116.0,False,False,2016
EMP00627,Female,Engineering,Senior,Bachelors,26,3.7,4.1,71132.0,True,False,2022
EMP00628,Male,Finance,Associate,Masters,34,9.9,3.2,58236.0,False,False,2015
EMP00629,Male,Sales,Senior,Masters,40,7.5,2.6,83063.0,True,False,2018
EMP00630,Female,Operations,Associate,Masters,27,2.0,4.4,55921.0,False,False,2023
EMP00631,Female,Finance,Manager,Masters,35,6.3,3.4,104143.0,False,False,2019
EMP00632,Female,Sales,Associate,Masters,40,12.5,4.5,62293.0,True,False,2014
EMP00633,Male,HR,Lead,Bachelors,39,13.7,4.1,106505.0,True,False,2012
EMP00634,Male,Engineering,Senior,Bachelors,31,9.9,2.9,74265.0,True,False,2016
EMP00635,Male,Engineering,Manager,Masters,29,2.2,3.3,110980.0,True,False,2024
EMP00636,Male,Operations,Lead,PhD,29,9.0,3.5,93587.0,False,False,2016
EMP00637,Female,Finance,Senior,Bachelors,39,10.4,4.3,78743.0,True,False,2015
EMP00638,Female,Engineering,Associate,Masters,35,9.9,3.7,56880.0,True,True,2015
EMP00639,Female,Sales,Manager,Bachelors,26,10.1,3.5,104457.0,False,False,2016
EMP00640,Female,Sales,Senior,Masters,31,8.5,3.3,76924.0,True,False,2018
EMP00641,Female,Marketing,Associate,PhD,33,6.7,3.4,56075.0,False,True,2019
EMP00642,Female,Sales,Manager,Bachelors,28,4.6,4.2,115041.0,False,False,2020
EMP00643,Male,Sales,Associate,Bachelors,26,0.0,3.4,45130.0,False,False,2026
EMP00644,Male,HR,Senior,Bachelors,30,8.4,3.2,77171.0,False,True,2017
EMP00645,Female,Sales,Senior,Bachelors,28,7.7,3.1,64708.0,True,False,2017
EMP00646,Female,Operations,Associate,Bachelors,33,9.2,3.1,49085.0,False,False,2017
EMP00647,Male,Finance,Senior,Bachelors,26,1.6,2.6,75393.0,False,False,2023
EMP00648,Male,Finance,Associate,Bachelors,33,9.6,2.9,71434.0,False,False,2015
EMP00649,Female,Sales,Associate,Bachelors,43,15.2,4.3,66803.0,False,False,2010
EMP00650,Male,Finance,Associate,Bachelors,29,7.3,3.3,57555.0,False,False,2019
EMP00651,Male,Operations,Associate,Masters,32,6.8,3.8,60406.0,False,False,2019
EMP00652,Female,Sales,Director,Masters,32,8.2,1.9,127699.0,False,False,2018
EMP00653,Female,Finance,Senior,Masters,34,15.1,3.7,83280.0,True,False,2010
EMP00654,Male,Marketing,Senior,Masters,23,2.9,3.3,73201.0,False,False,2022
EMP00655,Female,Finance,Senior,Masters,32,7.8,3.1,73011.0,False,False,2018
EMP00656,Male,Marketing,Lead,Bachelors,34,3.8,3.5,89925.0,False,False,2022
EMP00657,Female,Finance,Associate,Masters,31,4.8,3.1,49072.0,True,False,2020
EMP00658,Male,Engineering,Associate,Bachelors,26,6.8,2.1,57673.0,False,False,2018
EMP00659,Female,Marketing,Senior,Bachelors,27,12.4,4.0,78052.0,False,False,2013
EMP00660,Male,Sales,Senior,Bachelors,40,14.2,3.5,91607.0,True,False,2011
EMP00661,Male,Sales,Manager,Masters,33,8.8,3.2,114914.0,False,False,2016
EMP00662,Female,Sales,Manager,Masters,33,5.5,2.8,102877.0,False,False,2020
EMP00663,Male,Marketing,Manager,Bachelors,38,17.0,2.5,132536.0,False,True,2008
EMP00664,Male,Engineering,Associate,Bachelors,30,5.3,3.5,57777.0,False,False,2021
EMP00665,Male,Finance,Associate,Bachelors,31,4.7,4.4,63929.0,True,False,2021
EMP00666,Female,HR,Associate,Masters,23,0.0,3.5,40446.0,False,False,2026
EMP00667,Female,Finance,Lead,Masters,35,12.6,2.6,96796.0,False,True,2012
EMP00668,Female,Finance,Manager,Bachelors,35,10.9,3.5,111612.0,False,False,2015
EMP00669,Male,Engineering,Director,Bachelors,42,16.7,3.4,154943.0,True,False,2008
EMP00670,Male,Engineering,Associate,Bachelors,25,1.4,3.9,45960.0,True,False,2024
EMP00671,Male,Marketing,Manager,Bachelors,40,12.8,3.8,124215.0,False,False,2013
EMP00672,Male,Marketing,Senior,Masters,30,7.3,1.6,79577.0,False,False,2019
EMP00673,Female,Sales,Lead,Masters,30,10.2,3.7,89010.0,False,False,2016
EMP00674,Female,Finance,Senior,Bachelors,30,0.4,2.8,62226.0,False,False,2025
EMP00675,Female,HR,Associate,Bachelors,35,12.9,2.5,63633.0,False,False,2013
EMP00676,Male,Finance,Associate,Bachelors,32,10.1,3.3,65788.0,True,True,2016
EMP00677,Female,Engineering,Director,Bachelors,31,6.8,3.6,129795.0,False,False,2019
EMP00678,Male,Finance,Senior,Bachelors,34,9.6,2.4,81394.0,True,True,2016
EMP00679,Male,Sales,Senior,Bachelors,27,3.9,3.8,80561.0,False,False,2021
EMP00680,Male,Marketing,Senior,PhD,29,4.7,3.9,75310.0,False,False,2020
EMP00681,Male,Marketing,Senior,Bachelors,29,5.1,3.4,72888.0,False,False,2021
EMP00682,Male,Finance,Director,Bachelors,25,0.0,2.9,119797.0,False,False,2025
EMP00683,Male,Sales,Associate,Bachelors,27,10.4,2.8,59364.0,True,False,2015
EMP00684,Male,Sales,Associate,Bachelors,41,11.8,4.0,71634.0,False,False,2014
EMP00685,Female,Marketing,Lead,Masters,28,4.2,2.5,81822.0,False,True,2022
EMP00686,Male,Marketing,Senior,Bachelors,34,8.4,4.0,79913.0,False,False,2017
EMP00687,Male,Sales,Associate,Masters,26,5.9,3.3,60745.0,False,False,2019
EMP00688,Female,Sales,Associate,Masters,31,8.3,3.3,52822.0,False,False,2018
EMP00689,Female,Sales,Associate,Bachelors,26,4.5,2.4,51413.0,False,False,2022
EMP00690,Male,Marketing,Associate,Masters,32,3.5,3.3,53237.0,False,False,2022
EMP00691,Male,Marketing,Associate,PhD,33,11.2,3.8,72836.0,False,False,2014
EMP00692,Female,Marketing,Associate,Bachelors,33,6.7,2.6,53197.0,False,False,2019
EMP00693,Male,Finance,Lead,Bachelors,37,15.1,3.7,112278.0,True,False,2011
EMP00694,Male,Sales,Manager,PhD,30,7.2,3.5,116018.0,False,False,2018
EMP00695,Female,Operations,Manager,Masters,27,3.3,3.0,104948.0,False,False,2023
EMP00696,Male,Finance,Senior,Bachelors,40,11.9,3.9,87990.0,False,False,2014
EMP00697,Female,Sales,Associate,Bachelors,28,9.5,2.1,50850.0,False,False,2016
EMP00698,Female,Sales,Director,Bachelors,30,9.9,3.6,136372.0,False,False,2016
EMP00699,Female,Sales,Lead,Masters,30,11.8,4.4,98703.0,False,False,2013
EMP00700,Male,Sales,Senior,Bachelors,25,4.4,4.3,80658.0,True,False,2021
EMP00701,Male,Marketing,Associate,Bachelors,28,6.5,3.6,63311.0,True,False,2020
EMP00702,Male,Engineering,Senior,Masters,25,6.3,3.2,73957.0,True,True,2020
EMP00703,Male,Engineering,Senior,PhD,24,1.8,3.0,66041.0,False,False,2023
EMP00704,Female,Marketing,Senior,Masters,24,5.9,3.2,75679.0,False,False,2020
EMP00705,Male,Finance,Associate,Bachelors,33,12.3,3.7,68337.0,False,True,2013
EMP00706,Male,Sales,Director,Bachelors,36,7.9,2.9,136296.0,False,True,2018
EMP00707,Female,Operations,Senior,PhD,27,1.6,3.9,66670.0,False,False,2023
EMP00708,Female,Marketing,Senior,PhD,25,0.8,4.7,70232.0,True,False,2025
EMP00709,Male,Operations,Associate,Bachelors,35,13.7,3.4,72443.0,True,True,2012
EMP00710,Male,Sales,Lead,Masters,26,6.6,2.6,94852.0,False,False,2018
EMP00711,Female,HR,Lead,Bachelors,25,4.4,2.6,82958.0,True,False,2022
EMP00712,Female,Finance,Associate,Bachelors,30,5.9,3.9,57307.0,False,False,2020
EMP00713,Female,Engineering,Senior,Bachelors,28,1.1,3.4,70391.0,False,False,2024
EMP00714,Female,Operations,Senior,Bachelors,39,12.7,3.9,82148.0,True,False,2012
EMP00715,Female,Marketing,Lead,Bachelors,31,5.4,3.1,90733.0,False,False,2021
EMP00716,Male,Marketing,Associate,Masters,34,12.5,3.9,70635.0,True,False,2012
EMP00717,Male,HR,Manager,Bachelors,31,7.2,3.3,115198.0,False,True,2019
EMP00718,Male,HR,Senior,Bachelors,36,12.7,3.0,92944.0,False,False,2013
EMP00719,Female,Engineering,Associate,Bachelors,31,8.0,3.2,64399.0,False,False,2018
EMP00720,Female,Operations,Associate,Bachelors,41,10.4,2.7,60491.0,False,True,2015
EMP00721,Male,HR,Associate,Bachelors,29,9.9,4.6,69508.0,True,False,2015
EMP00722,Male,Operations,Associate,Bachelors,33,9.5,3.3,61343.0,False,False,2016
EMP00723,Male,Marketing,Senior,Bachelors,36,8.4,3.8,81308.0,True,False,2017
EMP00724,Female,HR,Lead,Masters,26,6.1,3.1,90076.0,False,False,2020
EMP00725,Male,Marketing,Associate,Masters,37,14.7,2.8,73852.0,True,False,2011
EMP00726,Male,Operations,Director,Bachelors,26,3.4,3.3,129997.0,False,False,2023
EMP00727,Male,Finance,Associate,Masters,30,7.0,4.1,58363.0,True,False,2018
EMP00728,Male,Operations,Lead,Masters,26,7.1,3.1,99858.0,True,False,2019
EMP00729,Male,HR,Director,Masters,34,8.6,2.9,133245.0,False,False,2016
EMP00730,Male,Finance,Manager,Masters,31,5.3,3.5,108502.0,True,False,2021
EMP00731,Male,Marketing,Lead,Masters,34,8.3,3.7,104896.0,False,False,2017
EMP00732,Male,Marketing,Lead,Masters,28,6.3,4.4,104503.0,False,True,2020
EMP00733,Male,Finance,Associate,Masters,25,0.7,3.6,52905.0,False,False,2025
EMP00734,Male,Engineering,Associate,Bachelors,28,7.0,3.8,64735.0,True,False,2018
EMP00735,Male,Finance,Senior,PhD,26,2.6,3.8,76370.0,False,False,2022
EMP00736,Female,Engineering,Associate,Bachelors,31,0.1,2.7,49213.0,False,False,2025
EMP00737,Male,HR,Senior,Masters,32,7.5,2.8,80562.0,False,False,2018
EMP00738,Male,Marketing,Associate,Bachelors,29,9.0,2.7,56289.0,False,False,2016
EMP00739,Male,Marketing,Manager,Bachelors,34,9.1,2.6,123489.0,False,False,2017
EMP00740,Male,Marketing,Manager,Bachelors,29,9.3,3.9,123913.0,False,False,2016
EMP00741,Male,Marketing,Manager,Bachelors,21,0.0,3.6,102762.0,False,False,2025
EMP00742,Male,Marketing,Lead,Bachelors,22,1.6,3.4,84481.0,False,False,2023
EMP00743,Female,Marketing,Associate,Bachelors,38,14.9,1.8,65987.0,True,False,2010
EMP00744,Male,HR,Associate,Bachelors,30,2.8,4.6,56887.0,False,False,2023
EMP00745,Male,Finance,Lead,Bachelors,35,9.4,2.9,100120.0,False,False,2017
EMP00746,Male,HR,Lead,Bachelors,30,4.3,4.6,99224.0,True,False,2021
EMP00747,Male,HR,Senior,PhD,28,7.3,2.5,74184.0,False,False,2019
EMP00748,Male,Operations,Senior,Bachelors,27,4.5,2.9,68986.0,True,False,2022
EMP00749,Female,Operations,Senior,Bachelors,34,9.2,2.1,76113.0,False,True,2016
EMP00750,Female,Engineering,Associate,Bachelors,30,7.5,3.6,55524.0,True,False,2018
EMP00751,Male,Finance,Senior,Bachelors,28,5.2,2.7,74484.0,False,False,2020
EMP00752,Male,Sales,Senior,Bachelors,28,2.8,2.8,65227.0,False,False,2022
EMP00753,Male,Sales,Lead,Masters,31,8.1,2.6,94941.0,True,False,2017
EMP00754,Male,Finance,Director,PhD,27,2.1,3.9,129710.0,False,False,2024
EMP00755,Female,Engineering,Senior,Bachelors,37,8.7,3.8,79549.0,False,False,2016
EMP00756,Male,Operations,Lead,Masters,41,17.5,4.5,112597.0,False,False,2008
EMP00757,Male,Finance,Manager,Bachelors,40,12.4,3.0,116927.0,True,False,2013
EMP00758,Female,Operations,Associate,Bachelors,36,9.9,3.5,61692.0,False,False,2015
EMP00759,Male,Finance,Lead,Bachelors,26,6.7,2.6,96094.0,False,False,2019
EMP00760,Male,Operations,Senior,Bachelors,21,0.0,3.2,69221.0,False,False,2025
EMP00761,Female,Engineering,Senior,Masters,23,1.7,3.1,60538.0,False,False,2023
EMP00762,Male,Operations,Associate,Masters,34,12.1,3.7,70441.0,True,False,2014
EMP00763,Male,Engineering,Manager,Masters,28,3.8,4.0,117709.0,False,False,2021
EMP00764,Male,Sales,Director,Bachelors,30,4.2,4.0,131121.0,True,False,2021
EMP00765,Female,Engineering,Associate,Masters,34,6.3,2.9,46902.0,False,False,2020
EMP00766,Male,Marketing,Associate,Bachelors,28,2.8,4.0,57013.0,False,False,2022
EMP00767,Male,Finance,Associate,Bachelors,25,2.1,3.4,61526.0,False,False,2024
EMP00768,Male,Sales,Manager,Bachelors,25,6.8,3.2,108650.0,True,False,2019
EMP00769,Male,Finance,Lead,Masters,28,3.4,3.0,90219.0,False,False,2022
EMP00770,Female,HR,Associate,PhD,28,4.0,3.1,50338.0,False,False,2021
EMP00771,Male,HR,Manager,Bachelors,28,3.9,4.4,113434.0,False,False,2022
EMP00772,Male,Operations,Senior,Bachelors,39,9.1,3.6,83227.0,False,False,2017
EMP00773,Female,Marketing,Senior,Masters,34,6.1,3.5,78552.0,False,False,2019
EMP00774,Female,Marketing,Senior,Masters,33,6.3,3.2,70832.0,False,True,2019
EMP00775,Male,Operations,Senior,Bachelors,31,9.4,4.9,91909.0,True,False,2017
EMP00776,Female,HR,Senior,Masters,29,6.4,4.2,74633.0,False,False,2020
EMP00777,Female,HR,Associate,Masters,30,5.9,3.0,50035.0,False,False,2020
EMP00778,Male,Sales,Senior,Masters,31,8.9,3.2,78273.0,False,False,2017
EMP00779,Female,Sales,Manager,Bachelors,35,9.7,3.3,105702.0,True,False,2016
EMP00780,Female,Sales,Senior,PhD,31,6.4,3.5,74641.0,True,False,2020
EMP00781,Male,Sales,Manager,Bachelors,28,7.3,3.0,122166.0,False,False,2018
EMP00782,Female,Sales,Senior,Masters,31,3.9,3.7,72466.0,True,False,2021
EMP00783,Male,Finance,Lead,Bachelors,28,3.6,4.3,97047.0,True,False,2022
EMP00784,Female,Engineering,Associate,Bachelors,29,10.1,2.6,56151.0,True,False,2015
EMP00785,Female,HR,Lead,Bachelors,33,8.8,2.7,90286.0,False,False,2016
EMP00786,Male,Operations,Associate,Bachelors,34,8.8,3.1,66439.0,False,True,2017
EMP00787,Female,Finance,Associate,Bachelors,35,8.1,3.1,66359.0,False,False,2017
EMP00788,Male,Marketing,Associate,Bachelors,30,7.2,4.6,70552.0,False,True,2019
EMP00789,Female,Engineering,Associate,Bachelors,36,9.8,4.0,67545.0,False,False,2015
EMP00790,Female,Operations,Manager,Bachelors,35,10.7,4.0,112351.0,False,False,2014
EMP00791,Male,Engineering,Director,Masters,31,10.6,3.2,138339.0,True,False,2014
EMP00792,Male,Finance,Lead,Masters,26,6.6,3.2,92486.0,False,False,2019
EMP00793,Male,Finance,Associate,Masters,40,12.5,2.5,60457.0,True,False,2012
EMP00794,Male,Sales,Manager,Bachelors,35,7.9,3.9,113043.0,False,True,2018
EMP00795,Male,Finance,Lead,Bachelors,34,9.5,3.7,101549.0,True,False,2016
EMP00796,Male,Sales,Senior,Masters,37,8.1,4.2,81582.0,True,False,2017
EMP00797,Male,Sales,Senior,Bachelors,35,8.0,3.3,74022.0,False,False,2018
EMP00798,Male,Finance,Lead,Bachelors,30,4.1,3.3,91901.0,True,False,2022
EMP00799,Female,Operations,Associate,PhD,31,9.8,3.5,58925.0,True,False,2015
EMP00800,Female,Sales,Senior,PhD,48,18.4,3.9,82522.0,True,False,2007
EMP00801,Female,Operations,Lead,Bachelors,31,5.5,2.5,85392.0,False,False,2020
EMP00802,Male,Operations,Associate,Masters,30,7.3,3.8,61066.0,True,False,2019
EMP00803,Female,Finance,Senior,Bachelors,27,5.2,3.4,67883.0,True,False,2021
EMP00804,Female,Engineering,Senior,Masters,30,5.0,2.8,73391.0,False,False,2020
EMP00805,Male,Sales,Lead,Bachelors,32,13.2,2.1,94488.0,False,False,2013
EMP00806,Male,Finance,Director,Bachelors,30,4.3,3.3,120407.0,True,False,2021
EMP00807,Female,Operations,Manager,Masters,26,5.1,4.3,106334.0,True,False,2021
EMP00808,Male,Finance,Lead,Bachelors,26,0.7,4.4,90635.0,False,False,2025
EMP00809,Male,Marketing,Lead,Masters,26,4.0,3.6,94417.0,False,False,2022
EMP00810,Female,Sales,Senior,Bachelors,23,0.2,4.6,66835.0,True,False,2025
EMP00811,Male,Operations,Senior,Masters,31,9.5,3.4,78778.0,True,False,2016
EMP00812,Male,Sales,Associate,Masters,42,18.2,4.0,79271.0,True,True,2007
EMP00813,Female,Marketing,Lead,Bachelors,35,5.5,3.1,86751.0,False,False,2020
EMP00814,Female,Operations,Lead,Masters,28,0.3,3.1,85031.0,False,False,2025
EMP00815,Male,HR,Senior,Bachelors,36,10.6,3.0,81603.0,False,False,2015
EMP00816,Female,Sales,Manager,Bachelors,28,4.1,2.2,98726.0,False,False,2022
EMP00817,Female,Engineering,Lead,Bachelors,39,12.2,4.2,111950.0,False,False,2014
EMP00818,Male,Marketing,Senior,Masters,33,5.9,3.0,75071.0,True,False,2020
EMP00819,Female,Operations,Associate,Masters,26,4.5,2.9,56384.0,False,False,2022
EMP00820,Male,Marketing,Associate,Masters,30,6.3,2.7,60135.0,False,False,2019
EMP00821,Male,Finance,Senior,Masters,29,10.0,3.3,85826.0,False,False,2015
EMP00822,Female,Sales,Senior,PhD,33,6.1,4.5,74196.0,True,False,2020
EMP00823,Male,Finance,Associate,Bachelors,35,5.0,4.7,62375.0,False,False,2021
EMP00824,Female,Finance,Associate,PhD,30,6.2,2.4,52795.0,False,False,2020
EMP00825,Female,HR,Associate,Bachelors,21,1.9,3.2,44912.0,False,True,2023
EMP00826,Male,Finance,Manager,Bachelors,34,8.6,2.8,116602.0,False,False,2017
EMP00827,Female,HR,Lead,Bachelors,21,0.0,4.0,89083.0,False,False,2026
EMP00828,Male,Marketing,Senior,Bachelors,27,5.2,3.6,81443.0,False,True,2020
EMP00829,Female,Finance,Associate,Bachelors,36,10.0,3.0,61976.0,False,False,2016
EMP00830,Male,Operations,Associate,Bachelors,33,8.2,3.4,65923.0,False,False,2018
EMP00831,Female,Operations,Associate,Bachelors,32,9.4,3.1,56914.0,False,False,2017
EMP00832,Male,Sales,Senior,Bachelors,29,6.7,4.4,80208.0,True,False,2019
EMP00833,Male,Finance,Associate,Masters,36,11.7,3.7,72441.0,True,False,2014
EMP00834,Female,Engineering,Associate,Masters,33,10.7,3.8,66139.0,False,False,2014
EMP00835,Female,HR,Director,Bachelors,29,8.8,1.8,120730.0,False,False,2016
EMP00836,Male,HR,Senior,Bachelors,34,10.7,3.4,82316.0,True,False,2015
EMP00837,Female,Marketing,Lead,Bachelors,35,10.0,4.6,104506.0,True,False,2015
EMP00838,Female,Operations,Associate,Bachelors,29,5.2,4.2,56553.0,False,False,2021
EMP00839,Male,Operations,Associate,Masters,21,1.6,2.3,56593.0,False,False,2024
EMP00840,Male,Engineering,Director,Bachelors,36,8.7,3.2,135477.0,True,False,2017
EMP00841,Male,Sales,Senior,Masters,25,9.2,2.7,80885.0,False,False,2016
EMP00842,Female,Sales,Senior,Masters,34,11.4,4.4,82174.0,False,False,2015
EMP00843,Male,Operations,Director,Bachelors,25,3.3,3.5,131220.0,True,False,2022
EMP00844,Male,HR,Senior,Masters,28,3.4,2.9,77231.0,False,False,2022
EMP00845,Male,Finance,Senior,Bachelors,34,8.8,3.4,77260.0,False,True,2017
EMP00846,Female,Finance,Senior,Masters,34,6.7,1.8,65719.0,False,True,2019
EMP00847,Male,Finance,Associate,Masters,22,0.0,2.7,51760.0,False,False,2026
EMP00848,Female,Engineering,Associate,Masters,34,8.5,3.4,60571.0,True,False,2016
EMP00849,Male,Engineering,Associate,Masters,25,0.0,3.9,49726.0,True,False,2026
EMP00850,Female,Marketing,Manager,Masters,22,3.2,2.2,104236.0,True,True,2023
EMP00851,Male,Marketing,Lead,PhD,42,12.4,3.2,108614.0,True,False,2013
EMP00852,Male,Finance,Associate,Bachelors,34,14.3,4.0,71651.0,False,False,2012
EMP00853,Female,Engineering,Associate,Masters,27,2.1,2.5,49070.0,True,False,2024
EMP00854,Female,Marketing,Lead,Masters,31,5.7,3.5,85320.0,False,False,2020
EMP00855,Male,Sales,Manager,Bachelors,32,7.2,3.4,111418.0,True,False,2019
EMP00856,Male,Sales,Associate,PhD,37,14.1,4.4,74847.0,True,False,2011
EMP00857,Female,Sales,Associate,Bachelors,31,5.0,3.3,50596.0,True,False,2020
EMP00858,Female,Sales,Manager,Bachelors,24,5.1,3.3,100795.0,False,False,2021
EMP00859,Male,HR,Manager,Bachelors,37,13.2,3.9,122636.0,False,False,2013
EMP00860,Male,Marketing,Manager,Bachelors,28,5.5,2.6,105790.0,False,False,2020
EMP00861,Female,Marketing,Associate,Masters,32,9.9,3.3,63569.0,True,False,2015
EMP00862,Female,Marketing,Associate,Bachelors,26,1.1,3.1,39030.0,False,False,2024
EMP00863,Female,Finance,Senior,Bachelors,34,6.3,3.3,68696.0,False,False,2019
EMP00864,Male,Operations,Associate,Bachelors,23,0.4,3.9,44848.0,False,False,2026
EMP00865,Male,HR,Manager,Bachelors,29,2.8,3.7,110976.0,True,False,2023
EMP00866,Female,HR,Associate,Masters,35,10.4,3.0,51385.0,True,False,2015
EMP00867,Female,Finance,Senior,Masters,28,6.8,3.5,74298.0,True,False,2019
EMP00868,Female,Finance,Manager,Bachelors,29,5.7,4.3,110137.0,False,False,2020
EMP00869,Male,Engineering,Director,Bachelors,27,4.0,2.9,133394.0,False,True,2021
EMP00870,Male,Operations,Lead,Bachelors,28,6.1,3.5,88426.0,False,False,2020
EMP00871,Female,Engineering,Manager,Masters,33,8.2,3.3,108769.0,False,False,2018
EMP00872,Male,Marketing,Associate,Bachelors,36,10.9,3.4,62594.0,True,False,2014
EMP00873,Female,HR,Associate,Bachelors,21,0.0,2.4,38510.0,False,False,2026
EMP00874,Male,Marketing,Associate,Bachelors,23,3.7,4.2,57696.0,True,False,2022
EMP00875,Female,Sales,Director,Bachelors,33,7.6,2.9,128190.0,False,True,2017
EMP00876,Female,Operations,Manager,Bachelors,28,6.6,4.0,110725.0,True,False,2019
EMP00877,Male,Engineering,Associate,Bachelors,34,8.6,3.0,59039.0,True,True,2016
EMP00878,Male,Sales,Associate,Masters,34,8.1,3.0,63970.0,True,False,2018
EMP00879,Female,Operations,Associate,Masters,26,5.8,4.1,48458.0,False,False,2019
EMP00880,Female,Finance,Associate,Bachelors,25,4.9,4.0,52708.0,False,False,2021
EMP00881,Male,Engineering,Manager,Masters,35,6.0,3.5,110204.0,False,False,2019
EMP00882,Female,Finance,Associate,Masters,37,11.6,3.9,62055.0,True,False,2013
EMP00883,Female,Operations,Lead,Bachelors,27,4.1,3.2,81237.0,False,False,2021
EMP00884,Male,Engineering,Senior,Bachelors,28,6.7,3.4,77684.0,True,True,2019
EMP00885,Male,Marketing,Senior,Bachelors,30,7.7,3.0,77851.0,False,False,2018
EMP00886,Male,Marketing,Associate,Masters,34,13.2,3.9,71590.0,False,False,2012
EMP00887,Male,Engineering,Director,Bachelors,32,5.8,3.0,131861.0,False,False,2019
EMP00888,Male,Sales,Lead,Masters,32,10.8,4.3,105697.0,True,True,2015
EMP00889,Male,Sales,Senior,Bachelors,39,11.9,3.2,84313.0,False,True,2014
EMP00890,Female,Sales,Associate,Bachelors,29,6.7,3.4,57627.0,False,False,2019
EMP00891,Male,Marketing,Manager,PhD,27,6.2,3.9,118304.0,True,False,2019
EMP00892,Female,Marketing,Lead,Bachelors,28,5.7,3.4,86626.0,False,False,2020
EMP00893,Male,Sales,Manager,Masters,22,6.0,3.2,112362.0,True,False,2019
EMP00894,Male,Sales,Lead,PhD,34,10.4,3.4,106448.0,False,False,2015
EMP00895,Female,Sales,Manager,Masters,31,7.9,3.9,101457.0,False,False,2017
EMP00896,Female,Finance,Associate,Bachelors,34,7.9,3.0,63343.0,False,False,2017
EMP00897,Male,Sales,Lead,Masters,21,2.5,3.3,84293.0,False,False,2024
EMP00898,Male,Operations,Senior,Bachelors,31,3.1,3.4,71469.0,True,False,2022
EMP00899,Male,HR,Lead,Bachelors,42,15.6,3.9,107299.0,False,False,2010
EMP00900,Male,Finance,Director,Masters,34,6.3,3.3,140102.0,True,False,2020
EMP00901,Male,HR,Director,Masters,28,3.9,4.5,129337.0,False,False,2022
EMP00902,Male,Sales,Senior,Bachelors,40,12.7,3.3,84947.0,False,False,2013
EMP00903,Male,HR,Lead,Bachelors,28,8.1,3.3,96567.0,False,False,2017
EMP00904,Male,Sales,Manager,Masters,35,9.3,3.3,118232.0,True,False,2016
EMP00905,Female,Engineering,Director,Masters,28,6.4,2.6,120169.0,True,False,2020
EMP00906,Female,Sales,Lead,Bachelors,25,5.7,2.8,87032.0,False,False,2020
EMP00907,Male,Sales,Associate,Masters,27,6.3,3.1,44633.0,True,False,2019
EMP00908,Male,Engineering,Senior,Bachelors,26,1.5,4.1,72779.0,True,False,2024
EMP00909,Male,Engineering,Manager,Bachelors,28,6.6,3.4,114171.0,False,False,2018
EMP00910,Male,Operations,Lead,Masters,33,8.2,3.1,101754.0,False,False,2018
EMP00911,Female,HR,Lead,PhD,33,14.4,4.1,104539.0,True,False,2011
EMP00912,Female,Marketing,Lead,Bachelors,25,7.3,4.3,90422.0,False,False,2019
EMP00913,Female,Operations,Senior,Bachelors,28,0.0,4.2,69048.0,False,False,2026
EMP00914,Female,Sales,Senior,Bachelors,33,6.6,2.9,66651.0,False,True,2019
EMP00915,Female,Marketing,Lead,Masters,39,18.0,3.1,114392.0,True,True,2007
EMP00916,Female,Operations,Associate,Bachelors,34,10.5,4.5,60249.0,True,False,2016
EMP00917,Male,HR,Lead,Bachelors,31,3.8,3.5,87461.0,True,False,2021
EMP00918,Male,Marketing,Lead,PhD,35,9.4,3.2,98958.0,False,False,2016
EMP00919,Male,Sales,Manager,Bachelors,28,4.0,3.8,117002.0,False,False,2022
EMP00920,Male,Engineering,Senior,Bachelors,29,1.6,4.0,73124.0,True,False,2023
EMP00921,Male,Engineering,Lead,Bachelors,27,5.6,3.1,99686.0,True,False,2019
EMP00922,Female,Engineering,Associate,Masters,31,7.4,3.5,53739.0,False,False,2018
EMP00923,Female,Finance,Associate,Bachelors,24,0.0,4.0,52352.0,False,False,2026
EMP00924,Male,HR,Senior,Bachelors,26,2.4,2.7,67091.0,False,False,2023
EMP00925,Male,Marketing,Associate,Bachelors,30,7.0,3.4,61601.0,True,True,2018
EMP00926,Male,Finance,Director,Masters,30,5.4,2.7,129067.0,True,False,2021
EMP00927,Male,Engineering,Manager,Masters,33,8.6,2.8,117946.0,False,False,2016
EMP00928,Female,Sales,Associate,Bachelors,23,2.1,3.1,49859.0,True,False,2024
EMP00929,Female,Marketing,Lead,Bachelors,36,9.9,3.7,92996.0,True,False,2015
EMP00930,Female,Operations,Senior,Masters,23,2.3,3.2,69264.0,False,False,2024
EMP00931,Male,HR,Lead,Bachelors,37,13.6,3.0,112327.0,True,False,2012
EMP00932,Male,Operations,Manager,Bachelors,23,0.1,3.4,102015.0,True,False,2025
EMP00933,Male,Sales,Lead,Bachelors,28,2.6,2.7,80659.0,False,False,2023
EMP00934,Female,Operations,Associate,Bachelors,26,8.7,3.7,60764.0,False,True,2017
EMP00935,Female,Engineering,Associate,Bachelors,40,13.7,4.1,67514.0,True,False,2011
EMP00936,Male,Sales,Senior,Bachelors,30,8.3,3.4,80126.0,False,False,2017
EMP00937,Female,HR,Manager,Bachelors,37,9.3,3.3,111382.0,True,False,2016
EMP00938,Male,Engineering,Lead,Bachelors,30,7.1,3.6,95624.0,False,False,2018
EMP00939,Female,Operations,Associate,Masters,27,2.9,2.2,46291.0,False,False,2023
EMP00940,Male,Operations,Associate,Bachelors,35,5.0,3.7,58200.0,False,False,2020
EMP00941,Male,HR,Manager,Bachelors,25,2.2,5.0,118179.0,True,False,2023
EMP00942,Female,Sales,Associate,Masters,30,1.9,3.3,48583.0,False,True,2023
EMP00943,Male,Engineering,Lead,Bachelors,33,8.6,3.3,93857.0,False,False,2016
EMP00944,Male,HR,Lead,Masters,28,2.5,3.8,86366.0,True,False,2022
EMP00945,Male,HR,Associate,Bachelors,33,8.3,4.4,66207.0,False,False,2017
EMP00946,Male,Finance,Associate,Masters,28,1.8,4.0,50182.0,False,False,2023
EMP00947,Female,HR,Senior,Bachelors,30,8.2,2.1,65688.0,False,False,2018
EMP00948,Female,Engineering,Associate,Bachelors,26,5.0,3.7,56141.0,False,False,2020
EMP00949,Female,Engineering,Lead,Bachelors,35,12.6,4.9,105136.0,False,False,2013
EMP00950,Male,Finance,Manager,Bachelors,33,8.3,3.8,116377.0,False,False,2018
EMP00951,Male,Engineering,Associate,Bachelors,35,11.9,2.7,67125.0,False,False,2013
EMP00952,Male,Operations,Senior,Masters,30,4.0,3.6,75552.0,False,False,2021
EMP00953,Male,Engineering,Associate,Masters,35,7.2,2.6,61010.0,False,True,2019
EMP00954,Male,Finance,Associate,Bachelors,24,3.1,4.1,59369.0,False,False,2023
EMP00955,Female,Operations,Lead,Masters,27,5.3,2.8,75679.0,False,False,2020
EMP00956,Female,Marketing,Lead,Masters,26,6.0,3.4,83809.0,False,False,2019
EMP00957,Female,Engineering,Lead,Masters,34,4.1,2.9,88883.0,False,True,2021
EMP00958,Male,Operations,Associate,Masters,27,2.1,3.1,50808.0,False,False,2023
EMP00959,Male,Sales,Senior,Masters,27,1.3,4.3,72995.0,False,False,2025
EMP00960,Male,HR,Senior,Bachelors,21,0.0,3.5,71503.0,True,False,2026
EMP00961,Male,Operations,Director,Masters,27,2.8,3.1,125824.0,True,False,2023
EMP00962,Male,Finance,Lead,Masters,35,9.5,2.7,104382.0,False,True,2016
EMP00963,Male,Engineering,Director,Bachelors,24,0.6,2.3,124308.0,False,False,2024
EMP00964,Male,Finance,Associate,Bachelors,29,1.5,2.6,49576.0,False,False,2024
EMP00965,Female,Engineering,Senior,Bachelors,45,14.2,3.5,79502.0,True,False,2011
EMP00966,Male,Finance,Manager,PhD,26,4.5,4.0,101349.0,True,False,2020
EMP00967,Female,HR,Associate,Bachelors,29,8.3,3.1,53572.0,True,False,2017
EMP00968,Male,Sales,Lead,Masters,31,9.6,4.3,97887.0,True,False,2015
EMP00969,Male,Marketing,Senior,Masters,39,9.7,3.0,82435.0,True,False,2016
EMP00970,Male,Engineering,Director,PhD,28,0.9,3.3,123861.0,False,True,2024
EMP00971,Male,Operations,Associate,Bachelors,30,6.1,2.8,60333.0,True,False,2020
EMP00972,Male,Sales,Director,Masters,25,0.5,4.0,130337.0,False,False,2024
EMP00973,Male,Sales,Senior,Masters,38,16.8,4.7,97195.0,True,False,2008
EMP00974,Female,HR,Senior,Bachelors,27,0.6,2.3,70939.0,False,False,2025
EMP00975,Male,Finance,Senior,Masters,26,2.8,3.2,72730.0,False,False,2022
EMP00976,Female,HR,Associate,Bachelors,26,2.8,4.2,46933.0,True,False,2023
EMP00977,Male,HR,Director,Masters,27,1.0,2.5,118752.0,False,False,2025
EMP00978,Male,HR,Manager,Bachelors,36,12.4,3.7,122209.0,False,False,2013
EMP00979,Male,Operations,Director,Bachelors,40,16.7,4.1,151719.0,True,True,2009
EMP00980,Male,Marketing,Director,Bachelors,29,5.1,3.4,126061.0,False,False,2021
EMP00981,Female,Finance,Lead,Bachelors,28,1.7,3.7,82690.0,False,False,2024
EMP00982,Female,Finance,Senior,Bachelors,29,0.0,4.5,64957.0,False,False,2026
EMP00983,Female,Operations,Manager,Masters,32,6.0,4.6,107011.0,False,False,2019
EMP00984,Male,Operations,Associate,Bachelors,32,5.7,3.4,61996.0,False,False,2020
EMP00985,Male,Finance,Manager,Bachelors,28,4.4,3.1,112465.0,False,False,2022
EMP00986,Female,Sales,Senior,Masters,30,7.9,2.8,77241.0,True,False,2018
EMP00987,Male,Finance,Lead,Masters,35,8.6,4.0,99576.0,True,False,2016
EMP00988,Male,Finance,Senior,Bachelors,33,8.3,2.6,83060.0,True,False,2017
EMP00989,Male,Sales,Senior,PhD,25,5.7,3.2,70694.0,False,False,2020
EMP00990,Female,Finance,Associate,Bachelors,26,2.6,3.5,43598.0,False,False,2023
EMP00991,Female,Sales,Senior,Masters,33,9.7,3.1,71675.0,True,False,2015
EMP00992,Female,HR,Senior,Bachelors,30,7.1,3.6,75635.0,False,False,2019
EMP00993,Female,Finance,Associate,Masters,39,10.6,4.9,70977.0,True,False,2014
EMP00994,Male,Sales,Associate,PhD,36,10.2,3.3,62791.0,True,True,2015
EMP00995,Female,Marketing,Senior,Masters,29,1.3,3.1,60490.0,True,False,2025
EMP00996,Male,Finance,Senior,Bachelors,26,1.3,4.0,71086.0,False,False,2024
EMP00997,Female,Marketing,Lead,Masters,28,4.0,3.5,90598.0,False,False,2022
EMP00998,Male,Operations,Associate,Bachelors,24,2.8,4.3,55189.0,False,False,2023
EMP00999,Female,Engineering,Senior,Masters,34,10.0,3.5,75113.0,True,False,2015
EMP01000,Male,Finance,Associate,Masters,32,8.4,3.3,57118.0,False,True,2017
EMP01001,Male,Finance,Senior,PhD,31,11.4,2.3,79713.0,False,False,2014
EMP01002,Male,Operations,Senior,Bachelors,31,8.6,2.4,82810.0,True,False,2017
EMP01003,Male,Engineering,Lead,Bachelors,31,7.8,2.3,94964.0,False,False,2018
EMP01004,Male,Operations,Senior,Bachelors,37,11.8,3.6,83541.0,True,False,2013
EMP01005,Female,Marketing,Senior,Bachelors,34,8.9,2.6,77008.0,True,False,2016
EMP01006,Male,Marketing,Associate,Bachelors,30,7.3,4.2,61209.0,False,False,2019
EMP01007,Female,Marketing,Senior,Bachelors,38,12.9,3.4,87561.0,True,False,2012
EMP01008,Male,HR,Senior,Masters,31,7.5,3.3,84764.0,False,True,2018
EMP01009,Female,HR,Lead,Bachelors,21,5.8,2.9,90520.0,False,False,2020
EMP01010,Male,Marketing,Senior,Bachelors,26,3.6,3.8,68806.0,True,False,2022
EMP01011,Female,Engineering,Lead,Bachelors,37,9.8,2.9,105557.0,True,False,2015
EMP01012,Female,Operations,Senior,Masters,31,11.9,2.8,78318.0,False,False,2013
EMP01013,Male,Sales,Associate,Masters,31,6.8,4.1,61204.0,False,False,2019
EMP01014,Female,Engineering,Associate,Bachelors,41,12.2,3.6,69291.0,False,False,2014
EMP01015,Male,HR,Associate,Bachelors,22,0.0,3.3,52709.0,False,False,2026
EMP01016,Male,Marketing,Senior,Bachelors,31,6.8,3.8,84844.0,False,False,2019
EMP01017,Female,HR,Lead,Bachelors,27,6.8,3.4,89469.0,False,False,2019
EMP01018,Female,Operations,Lead,Bachelors,33,4.1,3.6,87718.0,True,False,2021
EMP01019,Male,Engineering,Senior,Bachelors,40,16.5,2.9,86707.0,False,False,2010
EMP01020,Male,Sales,Associate,PhD,31,6.7,4.6,66515.0,False,False,2019
EMP01021,Female,HR,Manager,Bachelors,33,5.4,3.1,104947.0,False,False,2020
EMP01022,Female,Finance,Associate,Masters,33,7.1,4.3,59895.0,True,False,2018
EMP01023,Female,HR,Senior,Bachelors,21,0.0,3.3,63193.0,False,False,2026
EMP01024,Male,Marketing,Manager,PhD,26,4.0,3.9,110696.0,True,False,2022
EMP01025,Female,HR,Senior,PhD,36,10.9,3.8,76585.0,False,False,2014
EMP01026,Male,Operations,Associate,Masters,27,4.5,4.1,62212.0,True,False,2022
EMP01027,Female,Marketing,Associate,Bachelors,21,3.7,2.9,57265.0,True,False,2021
EMP01028,Male,Operations,Lead,Bachelors,36,12.2,4.0,104073.0,False,False,2014
EMP01029,Female,Finance,Associate,Masters,32,12.4,4.5,67169.0,True,False,2013
EMP01030,Male,Sales,Lead,Masters,38,9.1,3.2,100979.0,False,False,2017
EMP01031,Male,Sales,Senior,Bachelors,30,5.2,3.4,76032.0,True,False,2020
EMP01032,Female,Finance,Associate,Bachelors,27,6.0,3.1,46569.0,False,False,2020
EMP01033,Male,Sales,Associate,Bachelors,26,3.8,3.2,50094.0,True,False,2022
EMP01034,Female,Marketing,Lead,Masters,21,3.0,4.4,84548.0,False,False,2022
EMP01035,Male,Sales,Senior,Masters,24,2.8,2.8,62044.0,False,False,2022
EMP01036,Female,HR,Lead,Masters,32,4.5,2.8,86514.0,False,False,2020
EMP01037,Male,Sales,Senior,Masters,34,2.9,4.4,77021.0,True,False,2022
EMP01038,Male,HR,Associate,Bachelors,27,0.7,3.8,52330.0,True,True,2025
EMP01039,Male,Operations,Senior,Bachelors,32,7.9,4.7,75189.0,False,False,2018
EMP01040,Male,Finance,Senior,Bachelors,31,7.9,3.1,71855.0,True,False,2018
EMP01041,Male,Operations,Senior,Masters,35,13.8,3.5,89191.0,True,False,2011
EMP01042,Female,Engineering,Lead,Bachelors,34,4.3,3.0,94385.0,False,False,2021
EMP01043,Female,Marketing,Manager,Bachelors,32,8.2,3.5,108216.0,False,False,2017
EMP01044,Female,Sales,Lead,Bachelors,39,8.3,2.3,86843.0,False,False,2018
EMP01045,Male,Operations,Lead,Bachelors,34,6.0,3.8,94480.0,False,False,2019
EMP01046,Male,Finance,Senior,Bachelors,29,10.0,3.6,84021.0,False,False,2015
EMP01047,Male,Sales,Lead,Bachelors,32,10.1,3.4,106209.0,False,False,2015
EMP01048,Female,HR,Associate,Bachelors,30,8.3,3.2,55352.0,False,False,2017
EMP01049,Female,HR,Lead,Masters,30,6.0,2.9,81076.0,False,False,2019
EMP01050,Male,Marketing,Manager,Bachelors,29,5.6,3.8,119472.0,True,False,2020
EMP01051,Female,Marketing,Associate,Bachelors,34,1.5,2.7,46730.0,False,False,2024
EMP01052,Male,Engineering,Manager,Bachelors,25,3.8,3.7,115165.0,False,False,2021
EMP01053,Male,Marketing,Manager,Masters,29,4.5,4.6,111809.0,False,False,2020
EMP01054,Male,Marketing,Senior,Bachelors,28,2.5,4.3,80277.0,True,False,2022
EMP01055,Male,Finance,Manager,Masters,33,8.8,2.5,115795.0,True,False,2016
EMP01056,Female,Operations,Associate,PhD,36,11.8,3.1,64750.0,False,False,2013
EMP01057,Female,Finance,Associate,Masters,24,3.4,3.7,52504.0,False,False,2022
EMP01058,Male,Engineering,Senior,Bachelors,32,8.1,3.4,78328.0,False,False,2017
EMP01059,Male,Operations,Senior,Masters,28,2.9,2.6,70143.0,False,False,2023
EMP01060,Female,Marketing,Associate,Bachelors,31,5.8,3.6,55064.0,False,False,2020
EMP01061,Female,Marketing,Manager,Bachelors,30,4.2,3.4,108999.0,True,False,2022
EMP01062,Female,Operations,Associate,Bachelors,38,9.4,4.5,61828.0,True,False,2016
EMP01063,Male,Operations,Associate,Bachelors,31,4.3,3.2,50064.0,True,False,2022
EMP01064,Female,Engineering,Senior,Bachelors,35,11.0,4.1,73749.0,False,False,2015
EMP01065,Male,Marketing,Associate,Bachelors,26,6.0,2.6,49893.0,False,False,2020
EMP01066,Female,Finance,Lead,Bachelors,27,4.4,2.8,86866.0,False,False,2022
EMP01067,Male,HR,Senior,Bachelors,25,2.0,3.8,67794.0,False,False,2024
EMP01068,Female,Sales,Director,Bachelors,33,8.0,4.1,127903.0,False,False,2017
EMP01069,Male,HR,Lead,PhD,33,10.6,2.8,100846.0,False,False,2015
EMP01070,Male,Operations,Associate,Bachelors,29,8.1,3.4,62091.0,False,False,2018
EMP01071,Female,Sales,Associate,Masters,36,16.0,2.6,70283.0,False,False,2010
EMP01072,Female,Finance,Associate,Bachelors,32,12.7,3.3,63420.0,False,False,2012
EMP01073,Male,Finance,Director,Bachelors,29,5.8,3.9,121561.0,True,False,2019
EMP01074,Female,Operations,Lead,Bachelors,25,5.7,3.1,87778.0,False,False,2019
EMP01075,Female,Sales,Senior,Bachelors,30,8.9,3.3,78749.0,True,False,2017
EMP01076,Male,Sales,Associate,Bachelors,26,3.6,2.7,60061.0,True,False,2021
EMP01077,Male,HR,Manager,Bachelors,32,11.7,3.0,127296.0,False,False,2014
EMP01078,Male,HR,Associate,Bachelors,34,8.4,4.5,60647.0,False,False,2017
EMP01079,Female,Marketing,Lead,Bachelors,34,8.0,3.4,92624.0,True,False,2017
EMP01080,Male,Finance,Lead,Bachelors,32,9.7,2.8,92686.0,True,False,2015
EMP01081,Male,Finance,Associate,Bachelors,37,13.9,3.2,76530.0,False,False,2011
EMP01082,Female,Sales,Senior,Bachelors,33,7.7,2.4,74618.0,True,False,2017
EMP01083,Female,Finance,Associate,Bachelors,28,6.5,2.8,56292.0,True,False,2018
EMP01084,Female,Sales,Associate,Bachelors,35,13.0,4.2,66813.0,False,False,2012
EMP01085,Female,Marketing,Director,Bachelors,38,10.9,3.3,138575.0,False,False,2014
EMP01086,Female,Engineering,Lead,Bachelors,32,5.7,4.5,95908.0,False,True,2019
EMP01087,Female,Marketing,Manager,Bachelors,33,7.0,3.3,111219.0,False,False,2019
EMP01088,Female,Operations,Senior,PhD,35,7.8,3.4,77931.0,False,True,2017
EMP01089,Male,Marketing,Associate,Bachelors,26,8.4,3.8,62603.0,True,False,2018
EMP01090,Male,Finance,Lead,Bachelors,30,1.6,1.8,86868.0,False,False,2024
EMP01091,Male,Engineering,Senior,Bachelors,26,0.8,3.5,72964.0,False,False,2025
EMP01092,Female,HR,Associate,PhD,31,3.5,3.4,49173.0,False,False,2022
EMP01093,Male,Marketing,Senior,Masters,28,3.1,4.3,74145.0,True,False,2022
EMP01094,Male,Finance,Lead,Masters,29,4.4,4.0,99133.0,True,False,2022
EMP01095,Female,Operations,Lead,PhD,33,9.5,2.7,98251.0,True,False,2016
EMP01096,Male,HR,Associate,Bachelors,31,6.3,4.1,58752.0,True,False,2020
EMP01097,Male,Engineering,Manager,PhD,31,7.8,3.2,114246.0,True,False,2018
EMP01098,Female,Marketing,Associate,Bachelors,29,2.1,2.9,47872.0,False,True,2024
EMP01099,Female,Engineering,Associate,Masters,24,5.2,3.5,57063.0,True,False,2020
EMP01100,Male,Marketing,Associate,Bachelors,32,9.3,3.3,61761.0,False,False,2016
EMP01101,Male,Engineering,Manager,Bachelors,40,9.4,4.3,128534.0,False,False,2017
EMP01102,Male,HR,Senior,PhD,26,4.1,3.6,76638.0,False,False,2021
EMP01103,Female,Sales,Senior,Bachelors,31,7.6,3.5,77623.0,False,False,2017
EMP01104,Female,Sales,Associate,PhD,37,15.8,3.9,75930.0,True,True,2009
EMP01105,Male,Engineering,Lead,Bachelors,32,6.9,4.1,96854.0,True,False,2019
EMP01106,Female,Operations,Lead,Masters,26,4.2,3.9,87423.0,False,False,2021
EMP01107,Male,Operations,Senior,PhD,30,6.3,4.3,75337.0,True,False,2019
EMP01108,Male,Finance,Director,Bachelors,34,7.4,3.8,133811.0,True,False,2018
EMP01109,Female,Engineering,Associate,PhD,28,6.4,3.5,49699.0,True,False,2020
EMP01110,Male,Marketing,Associate,Bachelors,33,6.9,4.1,65641.0,False,False,2018
EMP01111,Male,Operations,Lead,Masters,28,1.2,3.3,89380.0,True,False,2025
EMP01112,Male,HR,Lead,Bachelors,30,3.1,3.4,89742.0,False,False,2022
EMP01113,Female,Engineering,Associate,Bachelors,31,6.4,4.4,57317.0,False,False,2019
EMP01114,Female,Engineering,Senior,Masters,40,6.3,4.4,80064.0,False,False,2020
EMP01115,Female,Sales,Associate,Bachelors,32,4.7,3.4,48082.0,False,False,2021
EMP01116,Male,Operations,Senior,Bachelors,31,6.3,3.1,77567.0,False,False,2019
EMP01117,Male,Sales,Lead,Bachelors,29,7.2,4.3,102498.0,False,False,2018
EMP01118,Female,Operations,Director,Masters,34,10.6,3.9,120706.0,False,True,2015
EMP01119,Male,Finance,Senior,Bachelors,35,6.6,3.6,81440.0,False,False,2018
EMP01120,Female,Operations,Senior,Masters,38,8.6,3.2,68685.0,False,False,2017
EMP01121,Female,Finance,Senior,PhD,33,4.8,3.6,71121.0,False,False,2020
EMP01122,Male,Sales,Senior,Bachelors,36,9.3,3.4,77496.0,False,False,2017
EMP01123,Female,Finance,Associate,Bachelors,29,8.5,3.0,65731.0,False,False,2016
EMP01124,Male,Sales,Director,Masters,36,10.5,3.5,133622.0,True,False,2014
EMP01125,Male,Sales,Associate,Bachelors,30,9.9,3.6,59049.0,True,False,2016
EMP01126,Male,Sales,Manager,Bachelors,29,9.4,3.2,118233.0,True,False,2016
EMP01127,Male,Engineering,Associate,Masters,31,6.6,3.9,59945.0,True,False,2019
EMP01128,Female,Engineering,Lead,Bachelors,34,8.0,4.2,85579.0,True,True,2018
EMP01129,Female,Sales,Associate,Bachelors,38,11.3,4.0,66356.0,False,False,2014
EMP01130,Female,Engineering,Director,Masters,30,4.4,3.2,114472.0,False,False,2021
EMP01131,Female,Marketing,Lead,Bachelors,30,4.5,3.9,86602.0,False,False,2022
EMP01132,Male,Engineering,Associate,Bachelors,29,7.7,3.4,59449.0,False,False,2018
EMP01133,Male,Engineering,Lead,Bachelors,32,8.7,2.7,100359.0,False,False,2017
EMP01134,Female,Operations,Senior,Masters,23,3.7,3.8,74351.0,True,True,2022
EMP01135,Female,Engineering,Associate,Masters,25,6.7,3.5,58746.0,False,False,2018
EMP01136,Male,Engineering,Associate,Bachelors,33,6.6,5.0,64287.0,True,False,2019
EMP01137,Male,Engineering,Lead,Bachelors,22,0.0,4.3,79191.0,False,False,2025
EMP01138,Male,Engineering,Lead,Bachelors,33,6.1,3.8,98113.0,False,False,2020
EMP01139,Male,HR,Senior,Bachelors,34,6.4,3.5,83982.0,False,False,2020
EMP01140,Female,Finance,Manager,Bachelors,29,6.4,3.5,110815.0,True,False,2019
EMP01141,Male,Finance,Associate,PhD,38,12.7,2.8,69302.0,False,False,2012
EMP01142,Female,HR,Associate,Bachelors,24,2.1,2.4,40878.0,True,False,2024
EMP01143,Female,Engineering,Senior,Masters,22,3.7,2.9,65076.0,True,False,2022
EMP01144,Female,Finance,Associate,Bachelors,24,0.0,3.4,55429.0,True,False,2026
EMP01145,Male,Engineering,Associate,Bachelors,28,5.1,2.1,48283.0,True,False,2020
EMP01146,Male,HR,Senior,Bachelors,28,5.4,3.1,70809.0,False,False,2021
EMP01147,Female,Marketing,Associate,Bachelors,35,5.0,3.3,55720.0,False,False,2021
EMP01148,Female,Operations,Associate,Masters,31,11.4,3.3,59501.0,True,False,2014
EMP01149,Male,Sales,Lead,PhD,36,10.4,3.0,95873.0,False,False,2015
EMP01150,Female,HR,Senior,Masters,28,7.3,3.2,79703.0,False,False,2018
EMP01151,Male,Marketing,Manager,Bachelors,32,5.5,4.4,117294.0,False,False,2020
EMP01152,Female,HR,Senior,Masters,36,11.1,3.8,74695.0,False,False,2014
EMP01153,Male,Operations,Senior,Bachelors,32,6.9,3.1,73067.0,False,False,2019
EMP01154,Male,Finance,Associate,Masters,25,3.7,3.4,63940.0,False,False,2021
EMP01155,Male,Marketing,Manager,Bachelors,22,0.1,3.4,104252.0,False,False,2026
EMP01156,Male,Marketing,Associate,Bachelors,32,5.2,2.9,62089.0,False,False,2020
EMP01157,Male,Finance,Associate,Bachelors,39,10.0,2.9,67275.0,True,False,2016
EMP01158,Male,Marketing,Manager,Bachelors,42,16.1,4.0,128066.0,True,False,2010
EMP01159,Male,Sales,Lead,Bachelors,29,7.2,3.1,94048.0,True,False,2018
EMP01160,Female,Marketing,Senior,Masters,29,3.9,2.7,73777.0,False,False,2022
EMP01161,Male,Engineering,Associate,Masters,34,2.3,3.4,59500.0,False,False,2023
EMP01162,Female,Sales,Associate,PhD,34,9.2,3.5,52753.0,True,False,2016
EMP01163,Female,Marketing,Senior,Bachelors,28,0.0,2.2,60015.0,False,False,2025
EMP01164,Male,Finance,Lead,Bachelors,31,9.2,3.4,99515.0,False,False,2017
EMP01165,Male,Finance,Senior,Bachelors,34,10.3,3.9,81017.0,True,False,2015
EMP01166,Female,Sales,Associate,Bachelors,35,8.7,3.7,62926.0,True,False,2017
EMP01167,Female,Marketing,Associate,Bachelors,31,6.1,4.7,55356.0,True,False,2020
EMP01168,Male,Engineering,Lead,Bachelors,31,9.3,4.2,100684.0,False,False,2017
EMP01169,Female,Finance,Lead,Bachelors,29,7.7,4.3,90496.0,False,False,2018
EMP01170,Male,Sales,Associate,Bachelors,31,3.9,5.0,58851.0,True,False,2022
EMP01171,Male,Finance,Associate,Bachelors,42,14.4,3.9,73014.0,False,False,2012
EMP01172,Female,Operations,Associate,Masters,34,5.6,3.5,52826.0,False,False,2020
EMP01173,Male,Finance,Associate,Bachelors,40,10.1,4.0,73443.0,True,True,2016
EMP01174,Female,Sales,Senior,PhD,24,0.0,3.1,63802.0,False,True,2026
EMP01175,Male,Operations,Associate,Bachelors,35,12.1,3.5,75828.0,True,False,2013
EMP01176,Female,Finance,Senior,Masters,41,12.9,3.0,82049.0,False,True,2013
EMP01177,Male,HR,Manager,Masters,33,7.1,3.6,113255.0,False,False,2018
EMP01178,Male,Operations,Director,Masters,30,9.2,3.0,141834.0,True,False,2016
EMP01179,Male,Operations,Director,Masters,30,9.2,3.0,132488.0,False,False,2017
EMP01180,Male,Engineering,Associate,Masters,30,4.4,3.6,56687.0,False,False,2021
EMP01181,Female,Operations,Associate,Masters,33,9.2,3.3,61953.0,False,False,2017
EMP01182,Male,Finance,Senior,Bachelors,28,3.8,2.2,65349.0,False,False,2022
EMP01183,Male,Sales,Lead,Bachelors,32,4.6,2.5,93245.0,True,True,2020
EMP01184,Male,Sales,Associate,Masters,38,11.5,2.7,67683.0,True,False,2014
EMP01185,Male,Finance,Senior,Bachelors,39,10.9,2.9,88127.0,False,False,2015
EMP01186,Female,Sales,Associate,Bachelors,22,4.2,3.6,57876.0,True,False,2022
EMP01187,Male,Marketing,Associate,Bachelors,29,4.1,3.5,61850.0,True,False,2022
EMP01188,Female,Finance,Lead,Bachelors,30,4.4,4.0,93298.0,False,False,2022
EMP01189,Male,HR,Lead,Bachelors,29,9.9,3.9,99099.0,True,False,2015
EMP01190,Female,Operations,Senior,Masters,25,3.0,4.0,76379.0,False,False,2023
EMP01191,Male,Engineering,Manager,Masters,30,8.4,3.8,111893.0,False,False,2017
EMP01192,Male,Sales,Associate,Masters,34,10.0,3.5,59794.0,False,False,2016
EMP01193,Female,Operations,Associate,Bachelors,35,6.6,4.1,57967.0,True,False,2018
EMP01194,Female,HR,Senior,Bachelors,41,11.0,4.0,87455.0,False,False,2014
EMP01195,Female,Sales,Senior,Bachelors,27,5.8,3.6,69880.0,False,False,2019
EMP01196,Male,Sales,Lead,Bachelors,32,6.1,4.2,101747.0,True,False,2019
EMP01197,Male,Marketing,Associate,Masters,29,3.1,2.0,42667.0,False,True,2023
EMP01198,Female,HR,Director,Bachelors,36,11.1,3.2,125520.0,False,False,2014
EMP01199,Male,Sales,Senior,PhD,29,3.9,3.2,65954.0,False,False,2022
EMP01200,Female,HR,Associate,Bachelors,33,8.4,4.1,66469.0,True,False,2017
